ProteinId,unique,non_unique,razor,total_peptides,score,Group,indistinguishable,subset,peptideIds,ProteinGroupId,q-value
HPRR1010001,17,0,17,17,12.921044049999999,HPRR1010001,[],['HPRR1010001'],CKVTGWGATDPDSLRPSDTLR CKVTGWGATDPDSLRPSDTLREVTVTVLSR EVTVTVLSR EVTVTVLSRK FIPFSR FTKGQSPTVVLGAHSLSK FTKGQSPTVVLGAHSLSKNEASK GQSPTVVLGAHSLSK GQSPTVVLGAHSLSKNEASK KFIPFSR KLCNSQSYYNG QTLEIKK Q[-17.0265]TLEIK VTGWGATDPDSLRPSDTLR VTGWGATDPDSLRPSDTLREVTVTVLSR VTGWGATDPDSLRPSDTLREVTVTVLSRK VTSDPQSNDIMLVK,0,0.0
HPRR1310038,3,0,3,3,2.7528635699999997,HPRR1310038,[],['HPRR1310038'],DGCYHLETSTHHFLSHVDR FISVIYDGEVR GEEWFILQHCPTWVSLR,1,0.0
HPRR1320009,3,5,8,8,7.08120312,HPRR1320009,[],"['HPRR1320009', 'HPRR4320595']",CLGATAQQFHR EANQSTLENFLER LDRNLWGLAGLNSCPVK LDRNLWGLAGLNSCPVKEANQSTLENFLER NLWGLAGLNSCPVK NLWGLAGLNSCPVKEANQSTLENFLER QFYSHHEKDTR Q[-17.0265]FYSHHEKDTR,2,0.0
HPRR1370013,11,0,11,11,6.304229599999999,HPRR1370013,[],['HPRR1370013'],AMLLTSYLPPPLLR EAELSLLLHNVV GLNSTHIGEDR GTHPAIHDILALR LGIGQLTAQEVK LKTHTTVIHQLDK LTDLCTKIQR TWLGEWLQISCSLK VIPLISDAGLR VIPLISDAGLRWR WRLTDLCTK,3,0.0
HPRR1370116,4,0,4,4,2.91393265,HPRR1370116,[],['HPRR1370116'],ADLLHIK LPVVVVANK LPVVVVANKADLLHIK SYELISQLHQHVQQLHLGTR,4,0.0
HPRR140662,14,0,14,14,13.785310390000001,HPRR140662,[],['HPRR140662'],AEVTEEFKDPSDR AEVTEEFKDPSDRVMK AEVTEEFKDPSDRVM[15.9949]K AFSVVIQASK ALSLIKDDFFDNIK ALSLIKDDFFDNIKNIVLEHQQWHK LITSDVLEEMLNVHDHYQNMK NIVLEHQQWHK NIVLEHQQWHKDR NIVLEHQQWHKDRK QVKLDSSDSDSASGQ SKAFSVVIQASK SKPDKALSLIK SKPDKALSLIKDDFFDNIK,5,0.0
HPRR140746,3,0,3,3,3.30458163,HPRR140746,[],['HPRR140746'],LQGLYDSLR NITIANHEGTLEPSMIAQSGVLGFPLGNNSKFPLDNTPVR NRGDGDGDFQFRPFFAGSPTAPEPSNSFFSFVSPSRELEQQQVSSR,6,0.0
HPRR1410031,13,0,13,13,13.118642119999999,HPRR1410031,[],['HPRR1410031'],FINSPPGQYK GLVPSFLR GTTPNLMR LGSWNVIMFVCFEQLKR LGSWNVIM[15.9949]FVCFEQLKR NNILADDVPCHLVSALIAGFCATAMSSPVDVVK NNILADDVPCHLVSALIAGFCATAM[15.9949]SSPVDVVK SVIINCTELVTYDLMK SVIINCTELVTYDLMKEAFVK SVIINCTELVTYDLM[15.9949]K SVIINCTELVTYDLM[15.9949]KEAFVK TRFINSPPGQYK VFTNEGPTAFFK,7,0.0
HPRR1410063,3,0,3,3,3.28097059,HPRR1410063,[],['HPRR1410063'],GSIHPNHVVILPGDGGSGTAAISFTGA NKPLDPEMQCLLLSDGK NKPLDPEMQCLLLSDGKGSIHPNHVVILPGDGGSGTAAISFTGA,8,0.0
HPRR1440139,9,0,9,9,5.563282460000001,HPRR1440139,[],['HPRR1440139'],GFFFFSR GSKQFEYDIK GSKQFEYDIKTK IDAAVCDKTTR KTYFFVGIWCWR TNTWFQCK TNTWFQCKEPK VDAAFQYK VVKHFPGISIR,9,0.0
HPRR1450059,8,0,8,8,10.892524750000002,HPRR1450059,[],['HPRR1450059'],DDPGKGSYWTIDTCPDISR DDPGKGSYWTIDTCPDISRK ESAEGPPPLYNTNHDFK FSYSEINFQDLSWSF GSYWTIDTCPDISR HPPDDDLSQDSPEQEASKSPR RHPPDDDLSQDSPEQEASK RHPPDDDLSQDSPEQEASKSPR,10,0.0
HPRR1450073,9,0,9,9,11.002512990000001,HPRR1450073,[],['HPRR1450073'],HGGSHQSSKWTPVGPAPSTSQSQK HGGSHQSSKWTPVGPAPSTSQSQKR LVAIPKPTVPPSADEK LVAIPKPTVPPSADEKSNPNFFEQR SNPNFFEQR SSSPGKPQAVSSLNSSHSR TSAGSSSGTNSSGQRHDRESYNNSGSSSR WTPVGPAPSTSQSQK WTPVGPAPSTSQSQKR,11,0.0
HPRR1450141,6,0,6,6,6.06057253,HPRR1450141,[],['HPRR1450141'],APEETPPATEKAEHSELKSPWQAAGICPLNPFLVPLELLGR IYKYLSSVSR LTAPQPIPAGGSLGPAAEGDGAGSK LTAPQPIPAGGSLGPAAEGDGAGSKAPEETPPATEK SPWQAAGICPLNPFLVPLELLGR YLSSVSR,12,0.0
HPRR1450208,4,4,8,8,9.828757620000001,HPRR1450208,[],"['HPRR1450208', 'HPRR4320489']",ASQSETSVCSGSLDGVEYSQR ASQSETSVCSGSLDGVEYSQRK ASQSETSVCSGSLDGVEYSQRKEK EAITLSDLLR FVEEDHIPYINAFQHFPEQMK FVEEDHIPYINAFQHFPEQM[15.9949]KLYGRD KPFPVSK KPTVLEDNLSHSDWASEPELLSDVSCPPFLESGAESQSDIHTR,13,0.0
HPRR1450215,5,0,5,5,6.66702451,HPRR1450215,[],['HPRR1450215'],DSDSLAESEFESAAFSQGSR DSESTRHDSETEDMLWDDLLHGPECR RDPKEDVFQQNHLFWLQNSSPSSDR SSVTSDSEGAHVNTLHSGTK VSAIIWEGNECKK,14,0.0
HPRR1450319,9,0,9,9,9.03193005,HPRR1450319,[],['HPRR1450319'],CNSADLVNMH CNSADLVNM[15.9949]H FRSVLQLR NRCNSADLVNMH RTQEQLANQGIIPPLKRPAEFHEQR SVLQLR TQEQLANQGIIPPLK TQEQLANQGIIPPLKRPAEFHEQR TQEQLANQGIIPPLKRPAEFHEQRK,15,0.0
HPRR1450358,13,0,13,13,13.084608970000001,HPRR1450358,[],['HPRR1450358'],AKGNLSLLEQAIALQAER ELDRFLLEHLAGER ELDRFLLEHLAGERR ETKCPIPGCDGTG FLLEHLAGER FLLEHLAGERR GCVFHNTYK GCVFHNTYKELDR GCVFHNTYKELDRFLLEHLAGER GNLSLLEQAIALQAER Q[-17.0265]IFNNKHSPRPEKR TEGDKFIPCENR TEGDKFIPCENRCDSETER,16,0.0
HPRR1450363,7,0,7,7,5.824885040000001,HPRR1450363,[],['HPRR1450363'],DPYCHPVCANR EAFFHQELPLYIPPPIFSR FSTSSLLLR LDAPVDYFYRP LELYFRPK LELYFRPKDPYCHPVCANR VLMLRPEKEAFFHQELPLYIPPPIFSR,17,0.0
HPRR1450675,9,0,9,9,7.605528899999999,HPRR1450675,[],['HPRR1450675'],EQILELLVLEQFLS LTVKQEPANQTWGQGSSLQK NYPPVCEIFR QEPANQTWGQGSSLQK QLCYHEMSGPQEALSR QLCYHEM[15.9949]SGPQEALSR Q[-17.0265]LCYHEMSGPQEALSR STAFQKQEGR WWLMPEVHTK,18,0.0
HPRR1460001,12,0,12,12,11.01941128,HPRR1460001,[],['HPRR1460001'],AADFIDQALAQK AADFIDQALAQKNGR ANDTQEFNLSAYFER DSGITYLGIK IYVGNASVAQDIPK IYVGNASVAQDIPKLQK LGITHVLNAAEGR SALSIVR SFMHVNTNANFYK SFMHVNTNANFYKDSGITYLGIK SPTLVIAYLMM[15.9949]R SPTLVIAYLM[15.9949]MR,19,0.0
HPRR1470130,2,0,2,2,0.72945251,HPRR1470130,[],['HPRR1470130'],LGPFLLNAVR NPGVSPLAR,20,0.0
HPRR1710003,7,0,7,7,8.18094609,HPRR1710003,[],['HPRR1710003'],ALGISISLEQAEK DHFLLHSL LGGGNPDPGAQQGISSEGDADPDGGLDLEEFSR LLLMFHSLDR LLLMFHSLDRNQDGHIDVSEIQQSFR NQDGHIDVSEIQQSFR VDVHELRQGLAR,21,0.0
HPRR1840184,17,0,17,17,12.251199649999998,HPRR1840184,[],['HPRR1840184'],ALESVPVMMLPDPK ALESVPVMMLPDPKER ALESVPVMM[15.9949]LPDPK ALESVPVM[15.9949]MLPDPK ALESVPVM[15.9949]M[15.9949]LPDPKER GVLQQIPTER HLSETSTLKEEENEVK HLSETSTLKEEENEVKSTLEHLGITEEHIR KALESVPVMMLPDPK KALESVPVMMLPDPKER KKALESVPVMMLPDPK LIRGVLQQIPTER SSITGVYR SSITGVYRIILHRVQR STLEHLGITEEHIR STLEHLGITEEHIRNNQGR STLEHLGITEEHIRNNQGRDAR,22,0.0
HPRR1850008,13,0,13,13,9.96230363,HPRR1850008,[],['HPRR1850008'],EAQNSHVYWWR EQPAFQYSSHVSLQASSGHMWGTFR ETTENIRVTVIPFYMGMR FERPDGSHFDVR GRGVVGREPVLSK GVVGREPVLSK IFSLSGTLETVR IFSLSGTLETVRGR IPPFSLESNKDE LENLDSDVVQLR VTVIPFYMGMR YCIRLENLDSDVVQLR YCIRLENLDSDVVQLRER,23,0.0
HPRR1900002,13,0,13,13,15.407221329999997,HPRR1900002,[],['HPRR1900002'],ACTSGDLPGCSCGPVPGEPPGPGNR ACTSGDLPGCSCGPVPGEPPGPGNRWGGCADNLSYGLLMGAK AFADM[15.9949]RWNCSSIELAPNYLLDLER ESAFVYALSAAAISHAIAR FSDAPMKVK GTRESAFVYALSAAAISHAIAR RAFADMR SNLELMHTVVHAAR SNLELM[15.9949]HTVVHAAR WGGCADNLSYGLLMGAK WGGCADNLSYGLLM[15.9949]GAK WNCSSIELAPNYLLDLER WNCSSIELAPNYLLDLERGTR,24,0.0
HPRR1920021,6,0,6,6,4.16430914,HPRR1920021,[],['HPRR1920021'],GGQFLTPLGSPEDMDLEELIQDISR GGQFLTPLGSPEDM[15.9949]DLEELIQDISR QLEVPRPYIAAR QLEVPRPYIAARF Q[-17.0265]LEVPRPYIAAR Q[-17.0265]LEVPRPYIAARF,25,0.0
HPRR1950075,4,0,4,4,3.86954613,HPRR1950075,[],['HPRR1950075'],ILDPFIIR KPALNLIYKPYQIR TAAYELLHFPK TAAYELLHFPKVFPK,26,0.0
HPRR1950229,7,0,7,7,5.51458017,HPRR1950229,[],['HPRR1950229'],AGM[15.9949]VPSKVPTSMVLTK LPTSSKPPGAVPSNALTNPAPSKLPINSTR QGAESDQAEPIICSSGAEAPANSLPSK VPANPASVSTVPSK VPANPASVSTVPSKLPTSSKPPGAVPSNALTNPAPSK VPTSMVLTK VSASTVPTDGSSRNEETPAAPTP,27,0.0
HPRR1950268,12,0,12,12,13.12141512,HPRR1950268,[],['HPRR1950268'],DLVSSQTQTQSCVPPTAGAR EASALVCIR FTIWDDPDAGFFTVTMTDLREEDSGHYWCR FTIWDDPDAGFFTVTM[15.9949]TDLREEDSGHYWCR FYLVVSPASASTQTSWTPR GWCKEASALVCIR IYRPSDNSVSK IYRPSDNSVSKSVRFYLVVSPASASTQTSWTPR KGWCKEASALVCIR QAPESPSTIPVPSQPQNSTLR Q[-17.0265]APESPSTIPVPSQPQNSTLR TMAWTSR,28,0.0
HPRR1950303,6,0,6,6,6.45818967,HPRR1950303,[],['HPRR1950303'],ALGGHM[15.9949]TTLSGEEISYTGSDGIEGGLLASIR KWDICAGNAILK QVALQTFGNQTTIIPAGGAGYK Q[-17.0265]VALQTFGNQTTIIPAGGAGYK VLALLDVPDK VLALLDVPDKSQEKADLYIHVTYIK,29,0.0
HPRR1950385,19,0,19,19,18.083803940000003,HPRR1950385,[],['HPRR1950385'],EVGAEEEANGDRLPGGR EVGAEEEANGDRLPGGRGDQAWDVGPVR GDQAWDVGPVR HEDGYAAVWK KVKQYELTQLVPGR LPGGRGDQAWDVGPVR LVAFNKHEDGYAAVWK MESLVVSWQPPPHPTQISGYK M[15.9949]ESLVVSWQPPPHPTQISGYK QYELTQLVPGR QYELTQLVPGRLYEVK Q[-17.0265]YELTQLVPGR Q[-17.0265]YELTQLVPGRLYEVK TPSMHNQSHVPFAPAELK TPSMHNQSHVPFAPAELKVQAK TPSM[15.9949]HNQSHVPFAPAELK TPSM[15.9949]HNQSHVPFAPAELKVQAK VKQYELTQLVPGR VKQYELTQLVPGRLYEVK,30,0.0
HPRR1950515,21,0,21,21,22.502191120000006,HPRR1950515,[],['HPRR1950515'],AHPVFYQGTYSQALNDAKR AHPVFYQGTYSQALNDAKRELR FIRPDPR FLLVYLHGDDHQDSDEFCR FLLVYLHGDDHQDSDEFCRNTLCAPEVISLINTR LEGLIQPDDLINQL MLFWACSTNKPEGYR M[15.9949]LFWACSTNKPEGYR NTLCAPEVISLINTR RMTVVGRLEGLIQPDDLINQL SRVTDPVGDIVSFMHSFEEK SRVTDPVGDIVSFMHSFEEKYGR SRVTDPVGDIVSFM[15.9949]HSFEEK SRVTDPVGDIVSFM[15.9949]HSFEEKYGR VSQALRENTYPFLAMIMLK VSQALRENTYPFLAMIMLKDR VSQALRENTYPFLAMIM[15.9949]LK VTDPVGDIVSFMHSFEEK VTDPVGDIVSFMHSFEEKYGR VTDPVGDIVSFM[15.9949]HSFEEK VTDPVGDIVSFM[15.9949]HSFEEKYGR,31,0.0
HPRR1950528,12,0,12,12,10.28562119,HPRR1950528,[],['HPRR1950528'],DVSLTIENTAVSDSGVYCCR GSCSLFTCQNGIVWTNGTHVTYR GSCSLFTCQNGIVWTNGTHVTYRK GWFNDMK ITVSLEIVPPK ITVSLEIVPPKVTTTPIVTTVPTVTTVR LLGDLSR LLGDLSRR RDVSLTIENTAVSDSGVYCCR VTTTPIVTTVPTVTTVR YKLLGDLSR YKLLGDLSRR,32,0.0
HPRR1950679,16,0,16,16,21.1330255,HPRR1950679,[],['HPRR1950679'],DTEKVVWLFNTSIISK EEAATADPLIKS EPHASESNGGSILTVSR EREEAATADPLIK EREEAATADPLIKS GGTTGETVVGVLGEPVTLPLALPACR GGTTGETVVGVLGEPVTLPLALPACRDTEK SSLPVHVGQFCTDPGASR SSLPVHVGQFCTDPGASRGGTTGETVVGVLGEPVTLPLALPACR SSLPVHVGQFCTDPGASRGGTTGETVVGVLGEPVTLPLALPACRDTEK SVLYSWTPR SVLYSWTPREPHASESNGGSILTVSR TPCDPDLPYICTAQNPVSQR VSENFSCNITLMCSVK VSENFSCNITLM[15.9949]CSVK VVWLFNTSIISK,33,0.0
HPRR1951262,13,0,13,13,12.685354490000002,HPRR1951262,[],['HPRR1951262'],DGSIVIHNLDYSDNGTFTCDVK DGSIVIHNLDYSDNGTFTCDVKNPPDIVGK GQPYIDEVGTFK GQPYIDEVGTFKER IQWVGDPR NPPDIVGK TSQVTLYVFEK TSQVTLYVFEKVPTR TSQVTLYVFEKVPTRYGVV VPTRYGVV WKDGSIVIHNLDYSDNGTFTCDVK WKDGSIVIHNLDYSDNGTFTCDVKNPPDIVGK YQPEGGRDAISIFHYAK,34,0.0
HPRR1951263,11,0,11,11,6.84476059,HPRR1951263,[],['HPRR1951263'],CTCDDSPGLESR FLSNFLGSK FLSNFLGSKR LRYDSAVK QAWQWGVCGDNLK QLSPFR QLSPFRETGQVLK QLSPFRETGQVLKLR Q[-17.0265]AWQWGVCGDNLK Q[-17.0265]LSPFRETGQVLK YDSAVKVSSA,35,0.0
HPRR1951347,13,0,13,13,11.12375022,HPRR1951347,[],['HPRR1951347'],DRLHAAEQESLKR EFLALR EFLALRDR ELNLVLDEIKR ESSLQPAVR EVHSYLTDTLHSLISELSPQEKE HVLHLPTVFHHLPHLLAK QALRDGDGNRTWGR REVHSYLTDTLHSLISELSPQEKE SKELNLVLDEIKR TGVSVVMGIPSVR TGVSVVMGIPSVRR TGVSVVM[15.9949]GIPSVRR,36,0.0
HPRR1951371,9,0,9,9,7.90278573,HPRR1951371,[],['HPRR1951371'],EEAGADAFPEHR FDYIGEGTPGPAREEAGADAFPEHR FLELESPGLSK FLELESPGLSKVLR GHGCGQEALSTSHGYHLFCALLTGFLFASHLPER LAPGRFDYIGEGTPGPAR LAPGRFDYIGEGTPGPAREEAGADAFPEHR LGLCWGR TGAFAYPFLFDNLPLFYR,37,0.0
HPRR1951431,24,0,24,24,24.158560320000003,HPRR1951431,[],['HPRR1951431'],FKVPQQILQGLVDVR FKVPQQILQGLVDVRIPHNNFYR IKVPTQIIWGK IKVPTQIIWGKQDQVLDVSGADMLAK IPHNNFYR IPHNNFYRK KLFLEIVSEK KLFLEIVSEKSR LFLEIVSEK LFLEIVSEKSR QDQVLDVSGADMLAK QDQVLDVSGADM[15.9949]LAK Q[-17.0265]DQVLDVSGADMLAK SIANCQVELLENCGHSVVMERPR SIANCQVELLENCGHSVVMERPRK SIANCQVELLENCGHSVVM[15.9949]ERPR SIANCQVELLENCGHSVVM[15.9949]ERPRK VPQQILQGLVDVR VPQQILQGLVDVRIPHNNFYR VPTQIIWGK VPTQIIWGKQDQVLDVSGADMLAK VPTQIIWGKQDQVLDVSGADM[15.9949]LAK YSLHQNMDKIK YSLHQNM[15.9949]DKIKVPTQIIWGK,38,0.0
HPRR1951583,8,0,8,8,7.237922260000001,HPRR1951583,[],['HPRR1951583'],HPEYNRPLLANDLMLIK HPEYNRPLLANDLMLIKLDESVSESDTIR HPEYNRPLLANDLM[15.9949]LIK HPEYNRPLLANDLM[15.9949]LIKLDESVSESDTIR LDESVSESDTIR MPTVLQCVNVSVV M[15.9949]PTVLQCVNVSVV SISIASQCPTAGNSCLVSGWGLLANGR,39,0.0
HPRR1951645,13,0,13,13,14.078241840000002,HPRR1951645,[],['HPRR1951645'],DGPFGFSPIIGR FCGQQNPPVIK FDHIEVR FFADGELESMGFSAR FFADGELESM[15.9949]GFSAR FLWIK HAEGGIFTSPNYPSK HAEGGIFTSPNYPSKYPPDRECIYIIEAAPR QCIELYFDEK QCIELYFDEKYSIEPSWECKFDHIEVR YPPDRECIYIIEAAPR YSIEPSWECKFDHIEVR YSIEPSWECKFDHIEVRDGPFGFSPIIGR,40,0.0
HPRR1951653,8,0,8,8,4.32772134,HPRR1951653,[],['HPRR1951653'],IVEVFGTEVLLENGDINRK KVLGDLIFNQPDRR QLLNAITHPEIR QLLNAITHPEIRK Q[-17.0265]LLNAITHPEIR Q[-17.0265]LLNAITHPEIRK VLGDLIFNQPDR VLGDLIFNQPDRR,41,0.0
HPRR1951747,7,0,7,7,6.524127249999999,HPRR1951747,[],['HPRR1951747'],AGPCEQAGSPCRNGGQCQDDQGFALNFTCR CDPGWEGLHCER CLVGFVGAR CLVGFVGARC KAGPCEQAGSPCR KAGPCEQAGSPCRNGGQCQDDQGFALNFTCR NGGQCQDDQGFALNFTCR,42,0.0
HPRR1951788,4,0,4,4,1.5876947600000002,HPRR1951788,[],['HPRR1951788'],MAYSLCR VITVHQISPEEM[15.9949]HRIWN WYMPR YFTGYVINGGPIRDVR,43,0.0
HPRR1951792,11,0,11,11,10.486284459999998,HPRR1951792,[],['HPRR1951792'],DISWDLTNLPQQARPPFQK DSDIQVPYGFLTVSTNPFVFEVPSK DSDIQVPYGFLTVSTNPFVFEVPSKEK LVCWVVSNWNPEHAR RDSDIQVPYGFLTVSTNPFVFEVPSK RDSDIQVPYGFLTVSTNPFVFEVPSKEK SGIEHLFNLTLTYR SGIEHLFNLTLTYRR SLYNKSHAVLIHHR VKYYNELSK WIWMNLESPTHTPQK,44,0.0
HPRR1951798,6,0,6,6,5.49968159,HPRR1951798,[],['HPRR1951798'],EMWISSFEQSKK NQNFSSQEFWGLVFKD TPPLSSLR WEAEDTHLSCPEPTVFAFSPLR WEAEDTHLSCPEPTVFAFSPLRTPPLSSLR WLVDRNQNFSSQEFWGLVFKD,45,0.0
HPRR1951865,11,0,11,11,9.20763171,HPRR1951865,[],['HPRR1951865'],KSLLPTLEK KSLLPTLEKK LWQNVLLDK SISFTSESISR SLDLNKNEYLSLDK SLDLNKNEYLSLDKSSTSDS SLLPTLEK SLLPTLEKK SSLDDSGERDEKLSK VSETESFDGNSSK VSETESFDGNSSKGGLGKEESQNEK,46,0.0
HPRR1952061,7,0,7,7,4.30935666,HPRR1952061,[],['HPRR1952061'],FSVCLFR FSVCLFRR IVACHFIKPR LNIRLEELHSQPTFFPGGLR SVPYIK SVPYIKLEDVFVGLCLER TLLDYW,47,0.0
HPRR1952070,3,0,3,3,1.61670485,HPRR1952070,[],['HPRR1952070'],KVPYHYYEQGRDECDEYFLHEHAPYGGHR MSYCDGVFKK M[15.9949]SYCDGVFKK,48,0.0
HPRR1952500,13,0,13,13,13.45053484,HPRR1952500,[],['HPRR1952500'],FDGRGSGFQGLK FDGRGSGFQGLKILQEIH GSGFQGLK IGKPEIK ILHIDDYELPLQLSLPK ILHIDDYELPLQLSLPKDFMDR ILHIDDYELPLQLSLPKDFM[15.9949]DR ILQEIH VPVVSLHSTDNPAK YFILESNSMLK YFILESNSMLKEAILK YFILESNSMLKEAILKK YFILESNSM[15.9949]LKEAILK,49,0.0
HPRR2010050,7,0,7,7,5.55377625,HPRR2010050,[],['HPRR2010050'],ASPCELCHQLIVGNSK GLATPSPSPCPVPRPLAALKPVR LHSFQEHVFK LHSFQEHVFKR SGSELKCPTEVLLTPPTPLPPPSPPPTASDR SKSLENFFLR SLENFFLR,50,0.0
HPRR2050028,10,0,10,10,9.17009392,HPRR2050028,[],['HPRR2050028'],GNFVPQGWVLPPLPSNDIWATAV HDWDQYLVPSDHPK ILLQKR LFGDPDEFPLAHLLEPFR QYYLQAEHSLPALIQIR Q[-17.0265]YYLQAEHSLPALIQIR SELYEAEER VMLEGEQEEER VMLEGEQEEERKR VM[15.9949]LEGEQEEER,51,0.0
HPRR2050032,10,0,10,10,7.0983475899999995,HPRR2050032,[],['HPRR2050032'],AYCDM[15.9949]EAGGGGWTIIQR DCAEVFK IVTATVNNSVLQK KIVTATVNNSVLQK QNSIIEELEK QNSIIEELEKK QNSIIEELEKKIVTATVNNSVLQK Q[-17.0265]NSIIEELEKK SGHTTNGIYTLTFPNSTEEIK SGHTTNGIYTLTFPNSTEEIKAYCDMEAGGGGWTIIQR,52,0.0
HPRR2050226,5,0,5,5,4.76191295,HPRR2050226,[],['HPRR2050226'],GPAVPPELDKHFLLCEACGK HFLLCEACGK TLPSCWVCNQECLCSAQTLVNYG VVHCQPLDLK VVHCQPLDLKGPAVPPELDKHFLLCEACGK,53,0.0
HPRR2050313,6,0,6,6,8.201933790000002,HPRR2050313,[],['HPRR2050313'],ALAVAVDSFGFGLEPR ASLVSSSDGSFLADAHFAR DEIFLT EADCVFIDASSPPSPR EADCVFIDASSPPSPRDEIFLT GGVLLCPPRPCLTPTPSEGSLANGWGSASEDNAASAR,54,0.0
HPRR2050324,18,0,18,18,14.165741359999998,HPRR2050324,[],['HPRR2050324'],GYKVYGAGSSLYGGTITINAR HLAEVLER HLAEVLERVNSK KFEEMNAELEENKELAQNR KFEEM[15.9949]NAELEENKELAQNR LCELEK LCELEKLR LCELEKLRQDFEEVTTQNEK LQELTDLLQEK LQELTDLLQEKHR LRQDFEEVTTQNEK QDFEEVTTQNEK QENMRLQELTDLLQEK TMSQEFSK VNSKGYKVYGAGSSLYGGTITINAR VSVLESMIDDLQWDIDKIR VSVLESM[15.9949]IDDLQWDIDKIR VYGAGSSLYGGTITINAR,55,0.0
HPRR2090043,17,0,17,17,18.20265084,HPRR2090043,[],['HPRR2090043'],DGRYTPCSYR DGRYTPCSYRGM[15.9949]EER DLSNNPMT DPNTPIIR GTSTQGTSTHASSTQLAMVDDQR GTSTQGTSTHASSTQLAM[15.9949]VDDQR HSSIRDLSNNPMT HSSIRDLSNNPM[15.9949]T QVLQEPDFAQSLLR QVLQEPDFAQSLLRDPNTPIIR QVLQEPDFAQSLLRDPNTPIIRK Q[-17.0265]VLQEPDFAQSLLRDPNTPIIR Q[-17.0265]VLQEPDFAQSLLRDPNTPIIRK SRGTSTQGTSTHASSTQLAMVDDQR SRGTSTQGTSTHASSTQLAM[15.9949]VDDQR SRGTSTQGTSTHASSTQLAM[15.9949]VDDQRSK YTPCSYRGM[15.9949]EER,56,0.0
HPRR2110056,13,0,13,13,12.84955337,HPRR2110056,[],['HPRR2110056'],DGLVSVYPAPQYQSHR DSLEYPDGK DSLEYPDGKFIDLS SEPMQQLLDPNTLQQSVESR SEPM[15.9949]QQLLDPNTLQQSVESR SPTKDSLEYPDGKFIDLS SWGDGVAADCCETTFIEDR SWGDGVAADCCETTFIEDRSPTK SWGDGVAADCCETTFIEDRSPTKDSLEYPDGK VGASTVPASLDSSR VGASTVPASLDSSRSEPMQQLLDPNTLQQSVESR VGASTVPASLDSSRSEPM[15.9949]QQLLDPNTLQQSVESR YRPNIILYSEGVLR,57,0.0
HPRR2110077,10,0,10,10,8.10192318,HPRR2110077,[],['HPRR2110077'],AWDQCIPK FAGQDFAK FDVLVYGNAGK FHPDKDPFCPILR IGWVCDLDKAWDQCIPK LDSVSEKSSVSPGYNFR TGGVLGIK VGDVVKFAGQDFAK YSFTRLDSVSEK YSFTRLDSVSEKSSVSPGYNFR,58,0.0
HPRR2110192,8,0,8,8,7.14354431,HPRR2110192,[],['HPRR2110192'],ESLAGFLLSVSATTR IPFPQTGTWFLALR LRIPFPQTGTWFLALR MRTFLSPCVDDCGPYGQCK M[15.9949]RTFLSPCVDDCGPYGQCK SLCGVGPR TFLSPCVDDCGPYGQCK THNYLYAA,59,0.0
HPRR2110442,2,0,2,2,0.9019883900000001,HPRR2110442,[],['HPRR2110442'],VLQQIR VLQQIRVPPK,60,0.0
HPRR2110489,10,0,10,10,10.81630219,HPRR2110489,[],['HPRR2110489'],AFQDADVTCVFHIASYGMSGR FIQGDIR GTDNILQVCQR GTDNILQVCQRR HLSDVEKAFQDADVTCVFHIASYGMSGR LGCALNQNGVHVILFDISSPAQTIPEGIR LVYTSTFNVIFGGQVIR NGDESLPYLPLHLHPD NLIKEVNVR NLIKEVNVRGTDNILQVCQR,61,0.0
HPRR2110498,11,0,11,11,11.031823910000002,HPRR2110498,[],['HPRR2110498'],DAVLECCVSGYPPPSF FLSQTESVTAFMGDTVLLK ILSDPGLHR LQPGDIGIYR NQQDLTPIPGDSR NQQDLTPIPGDSRVVVLPSGALQISR QLYFLQRPSNVVAIEGK QLYFLQRPSNVVAIEGKDAVLECCVSGYPPPSF Q[-17.0265]LYFLQRPSNVVAIEGK VAVAGPLR VVVLPSGALQISR,62,0.0
HPRR2150237,6,0,6,6,6.47139199,HPRR2150237,[],['HPRR2150237'],ISTAEILHSR LSISSGFSGSHLESQYFER QSFHTSIFTCLSPVPSSAPSTCR Q[-17.0265]SFHTSIFTCLSPVPSSAPSTCR RISTAEILHSR RLSISSGFSGSHLESQYFER,63,0.0
HPRR2150393,10,0,10,10,11.65369888,HPRR2150393,[],['HPRR2150393'],ALSDLQFVK ALSDLQFVKISR IDAVTPTLGSSNNQLNSSLLQVYIPDYSVR MDKTPQSSDSENTKIELT M[15.9949]DKTPQSSDSENTKIELT QQYQNALMASR QQYQNALM[15.9949]ASR SDRIDAVTPTLGSSNNQLNSSLLQVYIPDYSVR SPPRPCGLNHSDSLSR TPQSSDSENTKIELT,64,0.0
HPRR2180104,7,0,7,7,8.623491280000001,HPRR2180104,[],['HPRR2180104'],LGPDIGISKEDD NAEESKLGPDIGISKEDD QSSINSADGYSLYR Q[-17.0265]SSINSADGYSLYR THLVPECQNSLHLSLGTSTSATPDGSHLAVDDLK THLVPECQNSLHLSLGTSTSATPDGSHLAVDDLKNAEESK YHFNGEELLFEDTSLSTSPGTGVR,65,0.0
HPRR2200011,8,2,10,10,8.85159328,HPRR2200011,[],"['HPRR2200011', 'HPRR4310062']",AAHLCAEAALR LVKPGNQNTQVTEAWNK QHVIDGEKTIIQNPTDQQKK Q[-17.0265]HVIDGEK SDQDYILK SDQDYILKEGDLVK TIIQNPTDQQK TIIQNPTDQQKK VAHSFNCTPIEGMLSHQLK VAHSFNCTPIEGM[15.9949]LSHQLK,66,0.0
HPRR2210058,7,0,7,7,7.8147851699999995,HPRR2210058,[],['HPRR2210058'],MCDSHYLESR RTYCPDWDDKDWDYGK RYIDEYRNDYTQGCEPGHR SINEKDYHSR TYCPDWDDKDWDYGK TYCPDWDDKDWDYGKWR YIDEYRNDYTQGCEPGHR,67,0.0
HPRR2210116,11,0,11,11,10.29311689,HPRR2210116,[],['HPRR2210116'],ASCLVQTPPGQYSGNSFK ASCLVQTPPGQYSGNSFKK EVPAQDLR EVPAQDLRK ITAEEALLHPF KGDSNSCEHCFDEYNTNLEGWNEVPDEAYDLLDK KGDSNSCEHCFDEYNTNLEGWNEVPDEAYDLLDKLLDLNPASR LLDLNPASR LTSDIQGHASHQPAISEK LTSDIQGHASHQPAISEKTDHK TDHKASCLVQTPPGQYSGNSFK,68,0.0
HPRR2210165,11,0,11,11,8.32265511,HPRR2210165,[],['HPRR2210165'],KSNTIQSDGISDSEK KSNTIQSDGISDSEKCSPTVSQGK RLNMTTEQFTGDHTQHFLDGGEMKVEQLFQEFGNR SNTIQSDGISDSEK SNTIQSDGISDSEKCSPTVSQGK SSDCLNTVK SSDCLNTVKSNSSSKAPK VEQLFQEFGNR VEQLFQEFGNRK VVPLTPEQALK VVPLTPEQALKQY,69,0.0
HPRR2250382,7,0,7,7,6.465111169999999,HPRR2250382,[],['HPRR2250382'],AFRKPSIFTLHK AFRKPSIFTLHKK ALSEHSCLK KPSIFTLHK KPSIFTLHKK KTDIGEELPNCNQ TDIGEELPNCNQ,70,0.0
HPRR2250386,8,0,8,8,5.5297594199999995,HPRR2250386,[],['HPRR2250386'],GEDPWVLDR GEDPWVLDRK KSQGLWSDYSDNLK KSQGLWSDYSDNLKYDHTTACTQQDSLSCPWECE SQGLWSDYSDNLK YDHTTACTQQDSLSCPWECE n[42.0106]VMM[15.9949]ETYGNVVSLGLPGSKPDIISQLERGEDPWVLDR n[42.0106]VM[15.9949]METYGNVVSLGLPGSKPDIISQLERGEDPWVLDR,71,0.0
HPRR2260008,8,0,8,8,5.399776449999999,HPRR2260008,[],['HPRR2260008'],CLCTHEKGFGFK CLCTHEKGFGFKGS IQMLLR IQM[15.9949]LLR SDVVPMTAENFR SDVVPM[15.9949]TAENFR SNPQVYMDIK SNPQVYM[15.9949]DIK,72,0.0
HPRR2280170,9,0,9,9,7.467260629999999,HPRR2280170,[],['HPRR2280170'],FCHPIYFPPR FCHPIYFPPRR GFGSNSCCSLSCGSR IHTSPSQSYR RWFHSSCYQ SCSSLGCGSNGFR SRFCHPIYFPPR SRFCHPIYFPPRR YLNYR,73,0.0
HPRR2300033,3,0,3,3,1.7249247200000002,HPRR2300033,[],['HPRR2300033'],GGPSDHEATAWILINPLR GGPSDHEATAWILINPLRK SFHFPAPD,74,0.0
HPRR230870,1,0,1,1,0.49688875,HPRR230870,[],['HPRR230870'],IAFFATR,75,0.0
HPRR230897,9,0,9,9,8.72766582,HPRR230897,[],['HPRR230897'],DFVAAIISIPTPPANTPDESQPSSPGGGGR GSMQELDMLAGLRR GSM[15.9949]QELDMLAGLR GSM[15.9949]QELDMLAGLRR GSM[15.9949]QELDM[15.9949]LAGLR GSM[15.9949]QELDM[15.9949]LAGLRR LANSTASVSR SSLNAKPHDSLDLNCDSR SSLNAKPHDSLDLNCDSRDFVAAIISIPTPPANTPDESQPSSPGGGGR,76,0.0
HPRR2310049,9,0,9,9,6.54331241,HPRR2310049,[],['HPRR2310049'],DEVWEERKPYK KDEVWEER KDEVWEERKPYK KQWIEPR KSQTLQFDEQTLKK QWIEPR RKQWIEPR SQTLQFDEQTLKK TLQAQAPEK,77,0.0
HPRR2310052,11,0,11,11,13.77611139,HPRR2310052,[],['HPRR2310052'],AALSIER AALSIERR AKENEEFLIGFNITSK ENEEFLIGFNITSK KAKENEEFLIGFNITSK LPFPEPYILVYANDAAISEPESVVSSLQGHR NFPTGTVPK NFPTGTVPKWDSHIR RLPFPEPYILVYANDAAISEPESVVSSLQGHR RRLPFPEPYILVYANDAAISEPESVVSSLQGHR WDSHIR,78,0.0
HPRR231541,5,0,5,5,3.78633588,HPRR231541,[],['HPRR231541'],ATDWEATNEAI NIHYNSVVNPNK NIHYNSVVNPNKATIGVGLGLPSFKPGFAEQSLMK NIHYNSVVNPNKATIGVGLGLPSFKPGFAEQSLM[15.9949]K TSEESWIEQQMLEDKKR,79,0.0
HPRR231756,6,0,6,6,6.02106097,HPRR231756,[],['HPRR231756'],APAEFPSAK HAQEKYDEFDLVLHK HAQEKYDEFDLVLHKYLQAEEYSIR LDRHAQEKYDEFDLVLHK YDEFDLVLHK YLQAEEYSIR,80,0.0
HPRR231837,9,0,9,9,8.510699670000001,HPRR231837,[],['HPRR231837'],CGRPPKYNASCSVPEK CTDLAPLSQK CTDLAPLSQKFHK FDSCENSLK FDSCENSLKSNSDLLNYNR FHKFDSCENSLK FHKFDSCENSLKSNSDLLNYNR SNSDLLNYNR YNASCSVPEK,81,0.0
HPRR2320042,8,0,8,8,9.87665292,HPRR2320042,[],['HPRR2320042'],ASLDSAGGSGSSPILLPTPVVGGPR ASLDSAGGSGSSPILLPTPVVGGPRYHLLAHTTLTLAAVQDGFR LATKLSSSLGR LELYGACVEEEGALTGGPK LELYGACVEEEGALTGGPKR LSSSLGR VRASLDSAGGSGSSPILLPTPVVGGPR YHLLAHTTLTLAAVQDGFR,82,0.0
HPRR2320218,10,0,10,10,7.36620682,HPRR2320218,[],['HPRR2320218'],ALQELPLCLR EWDSEASCPK GLGMQLK GPIFELK GPLGPGGR GPLGPGGRGPIFELK LNVAAELVQGTVPLEVPQVKPK LNVAAELVQGTVPLEVPQVKPKR QNSAFYVDSELLVR Q[-17.0265]NSAFYVDSELLVR,83,0.0
HPRR2320220,5,0,5,5,5.6450840399999995,HPRR2320220,[],['HPRR2320220'],ACGLSFSVFR ACGLSFSVFRK FTPNPEFSTYPPAATEGPNIVCK GQQSAFAGATGPFR GQQSAFAGATGPFRFTPNPEFSTYPPAATEGPNIVCK,84,0.0
HPRR232384,22,0,22,22,24.451895640000007,HPRR232384,[],['HPRR232384'],AEWQTEPQEPPIPESLAAAAAAAQQLQVAR AEWQTEPQEPPIPESLAAAAAAAQQLQVARK LHDEYKPLKEHVDALR LPDLCEEEEK LPDLCEEEEKLSLDYFEK LPDLCEEEEKLSLDYFEKQK LSLDYFEK MTLGLQR MTLGLQRLPDLCEEEEKLSLDYFEK M[15.9949]TLGLQR M[15.9949]TLGLQRLPDLCEEEEKLSLDYFEK NAPICPLCK QKAEWQTEPQEPPIPESLAAAAAAAQQLQVAR QKAEWQTEPQEPPIPESLAAAAAAAQQLQVARK QQPPPM[15.9949]KACLSCHQQIHR QSENDLNKLLESTR QSENDLNKLLESTRR Q[-17.0265]KAEWQTEPQEPPIPESLAAAAAAAQQLQVAR Q[-17.0265]KAEWQTEPQEPPIPESLAAAAAAAQQLQVARK Q[-17.0265]QPPPMK Q[-17.0265]SENDLNKLLESTRR RLHDEYKPLKEHVDALR,85,0.0
HPRR232666,2,0,2,2,1.04889691,HPRR232666,[],['HPRR232666'],YLIDCEVER YLIDCEVERINTILEQ,86,0.0
HPRR2330125,8,0,8,8,5.567532819999999,HPRR2330125,[],['HPRR2330125'],DNTVSIIDEEQLR KSWNQQHFALLFPKPQRPGTK QPLWMYR RQPLWMYR SKPSQIRDNTVSIIDEEQLR SKPSQIRDNTVSIIDEEQLRGDR SWNQQHFALLFPKPQRPGTK VNFGPYDNYIPVSELSK,87,0.0
HPRR233074,9,0,9,9,7.84960709,HPRR233074,[],['HPRR233074'],CKLANVFFDTFFNIEK DGDSGGPELSDWEK ITLQDLK ITLQDLKR TEGKITLQDLK TEGKITLQDLKR TPTSIEYWFR YLDHEQKEQISLLR YLDHEQKEQISLLRDGDSGGPELSDWEK,89,0.0
HPRR2360054,8,0,8,8,6.5356941,HPRR2360054,[],['HPRR2360054'],AINAIQK KVGTASENVYVNTAHLK LYKYDHNFVK NWACFTGK NWACFTGKK VGTASENVYVNTAHLK VTTYCNETMTGWVHDVLGR VTTYCNETM[15.9949]TGWVHDVLGR,90,0.0
HPRR2390048,4,0,4,4,3.2741263000000003,HPRR2390048,[],['HPRR2390048'],NFDKVTGMGVR NFDKVTGM[15.9949]GVR NGTDKDAEALFK SLGFDVIVYNDCSCAK,91,0.0
HPRR2390049,5,0,5,5,4.08286119,HPRR2390049,[],['HPRR2390049'],DGVTPIKDLTAHFR DGVTPIKDLTAHFRGDR LFFIQACR TLLEKPK TLLEKPKLFFIQACR,92,0.0
HPRR2390052,3,0,3,3,2.27609697,HPRR2390052,[],['HPRR2390052'],AVIHPDYDAASHDQDIMLLR AVIHPDYDAASHDQDIM[15.9949]LLR KPNLQVFLGK,93,0.0
HPRR2390053,2,0,2,2,3.75580755,HPRR2390053,[],['HPRR2390053'],DCSANTTSCHILGWGK TADGDFPDTIQCAYIHLVSR,94,0.0
HPRR2390055,9,0,9,9,6.79124396,HPRR2390055,[],['HPRR2390055'],GSHPWQVALLSGNQLHCGGVLVNER HPGYSTQTHVNDLMLV HPGYSTQTHVNDLM[15.9949]LV IIDGAPCAR MNEYTVHLGSDTLGDRR M[15.9949]NEYTVHLGSDTLGDR SFRHPGYSTQTHVNDLMLV SFRHPGYSTQTHVNDLM[15.9949]LV WVLTAAHCK,95,0.0
HPRR2390061,8,0,8,8,6.59664351,HPRR2390061,[],['HPRR2390061'],DGNPWLTFMGCLK DGNPWLTFM[15.9949]GCLK GICTATTEEACMVGR GRGICTATTEEACMVGR GRGICTATTEEACM[15.9949]VGR MCHLQFPGEK M[15.9949]CHLQFPGEK WSVYLVNFR,96,0.0
HPRR2440154,8,0,8,8,8.33322895,HPRR2440154,[],['HPRR2440154'],DFLHLFEK KSLDEQANQENDALHK KSLDEQANQENDALHKK SLDEQANQENDALHK SLDEQANQENDALHKK TVEFQHIIPISAVTGEGIEELK TVEFQHIIPISAVTGEGIEELKNCIR TVEFQHIIPISAVTGEGIEELKNCIRK,97,0.0
HPRR2440405,9,0,9,9,7.524365100000001,HPRR2440405,[],['HPRR2440405'],DLSQAQLQHYMK DLSQAQLQHYMKESAQLLSEK DLSQAQLQHYM[15.9949]KESAQLLSEK ESAQLLSEK IAFKTSDFSR VFNAHYNLTR VFNAHYNLTRH VFTCEVCGK YPSGVAFK,98,0.0
HPRR2440464,1,0,1,1,2.34562148,HPRR2440464,[],['HPRR2440464'],ANSVTVDGQGLQVTPVPGTHPLLVFVNPK,99,0.0
HPRR2440760,3,0,3,3,2.04936894,HPRR2440760,[],['HPRR2440760'],DSLLDTHPDGENRPEIK LAGDSFWYSIL STTSQNISDENQTHEMIMER,100,0.0
HPRR2441086,5,0,5,5,3.26155102,HPRR2441086,[],['HPRR2441086'],AELAEGALR AELAEGALRWDLPR LAFRPCGNANPHK LAFRPCGNANPHKWVR VQGGSQLSGLFQM[15.9949]DVPGPPGPPSHGLSTSASPLGLGPASLSFELPR,101,0.0
HPRR2470377,8,0,8,8,5.720062990000001,HPRR2470377,[],['HPRR2470377'],ALYPMAQCHLSR ALYPM[15.9949]AQCHLSR LISETAQR QGWLLVVPPHGEPRPR Q[-17.0265]GWLLVVPPHGEPRPR RVQALLSGR VFGHSGGPCGGLLS VQALLSGR,102,0.0
HPRR2500088,7,0,7,7,13.936327910000001,HPRR2500088,[],['HPRR2500088'],AADIHTFSSVLEKV QRFPAQGSIEIHEDSEEGCPQR Q[-17.0265]RFPAQGSIEIHEDSEEGCPQR RQRFPAQGSIEIHEDSEEGCPQR SCKTHVLLLVLHGGNILDTGAGDPSCK THVLLLVLHGGNILDTGAGDPSCK THVLLLVLHGGNILDTGAGDPSCKAADIHTFSSVLEKV,103,0.0
HPRR2500196,4,0,4,4,3.8516314200000004,HPRR2500196,[],['HPRR2500196'],DVFHVATVASLGR QVGAVSYVECSSR Q[-17.0265]VGAVSYVECSSR SVRDVFHVATVASLGR,104,0.0
HPRR2500368,5,0,5,5,5.11655065,HPRR2500368,[],['HPRR2500368'],AEAAAGAAGILLR GRAEAAAGAAGILLR TLEQLAQQGK YLQEQNRPYSSQDVFGNLQR YLQEQNRPYSSQDVFGNLQREHGLGK,105,0.0
HPRR2500716,9,0,9,9,12.2165428,HPRR2500716,[],['HPRR2500716'],FGFHTVTCCGFIPQVNEWQDDWPTFFAR GEGAEPQYVDKFGFHTVTCCGFIPQVNEWQDDWPTFFAR HRLQAQLDLIEK HRLQAQLDLIEKDYA LGEQMADLHLYNQK LGEQM[15.9949]ADLHLYNQK LQAQLDLIEKDYA RGEGAEPQYVDK RGEGAEPQYVDKFGFHTVTCCGFIPQVNEWQDDWPTFFAR,106,0.0
HPRR2501480,14,0,14,14,17.352393349999996,HPRR2501480,[],['HPRR2501480'],DGSLLEVEK DGSLLEVEKVSLQQR LGGLERENATLR LGGLERENATLRR LKVYEIK LKVYEIKYPLISDFGEEHGFSLYEIK LNQFQHELQK LNQFQHELQKNKEQEEQ RLKVYEIK VSLQQR VYEIKYPLISDFGEEHGFSLYEIK YPLISDFGEEHGFSLYEIK YPLISDFGEEHGFSLYEIKDGSLLEVEK YPLISDFGEEHGFSLYEIKDGSLLEVEKVSLQQR,107,0.0
HPRR2510213,8,0,8,8,7.53337648,HPRR2510213,[],['HPRR2510213'],ELPQKIVGENSLEYSEYMTGK ELPQKIVGENSLEYSEYMTGKK ELPQKIVGENSLEYSEYM[15.9949]TGK IVGENSLEYSEYMTGK IVGENSLEYSEYMTGKK VFEASSLECSLEYMKK VFEASSLECSLEYM[15.9949]K VFEASSLECSLEYM[15.9949]KK,108,0.0
HPRR2510306,11,0,11,11,11.811870659999999,HPRR2510306,[],['HPRR2510306'],EKQSNEFGKPFYHCASYVVT HCPEVWEVDEQIK HCPEVWEVDEQIKK HCPEVWEVDEQIKKQQETLVR IFPLSSDIVTSR QQETLVR QSFYDCDSLDKGLEHNLDLLR QSFYDCDSLDKGLEHNLDLLRYEK QSNEFGKPFYHCASYVVT Q[-17.0265]SFYDCDSLDKGLEHNLDLLR Q[-17.0265]SNEFGKPFYHCASYVVT,109,0.0
HPRR2540222,3,0,3,3,1.76135203,HPRR2540222,[],['HPRR2540222'],DKGQWSPLK GQWSPLK GTGDWWLAR,110,0.0
HPRR2540402,3,0,3,3,3.46658059,HPRR2540402,[],['HPRR2540402'],AMVEFATLDR Q[-17.0265]LNHYVK SSSNSGSTGFISFSGVESALSSLK,111,0.0
HPRR2540430,1,0,1,1,0.4626091,HPRR2540430,[],['HPRR2540430'],VSLTQR,112,0.0
HPRR2540435,2,0,2,2,3.29867739,HPRR2540435,[],['HPRR2540435'],DLGPYVLHGRPYRPPSPPPPPSEGFSIK GNFWAVDVSLIPAEALR,113,0.0
HPRR2540567,10,0,10,10,13.74840151,HPRR2540567,[],['HPRR2540567'],KMTEEYPALPQGAEASLPLTGSASCGVPGILR KMTEEYPALPQGAEASLPLTGSASCGVPGILRK KM[15.9949]TEEYPALPQGAEASLPLTGSASCGVPGILR KM[15.9949]TEEYPALPQGAEASLPLTGSASCGVPGILRK MTEEYPALPQGAEASLPLTGSASCGVPGILR MTEEYPALPQGAEASLPLTGSASCGVPGILRK M[15.9949]TEEYPALPQGAEASLPLTGSASCGVPGILRK SLIPPVPR TSASASLEATAMGTEK TSASASLEATAM[15.9949]GTEK,114,0.0
HPRR2540609,16,0,16,16,11.35260753,HPRR2540609,[],['HPRR2540609'],DLLIYDSMPR DLLIYDSM[15.9949]PR EAWFSPVHT HLGWLAEK HLGWLAEKVPGESK HLGWLAEKVPGESKK KQWKPALVVLTEK KQWKPALVVLTEKDLLIYDSMPR KQWKPALVVLTEKDLLIYDSM[15.9949]PR QWKPALVVLTEK QWKPALVVLTEKDLLIYDSMPR QWKPALVVLTEKDLLIYDSM[15.9949]PR Q[-17.0265]WKPALVVLTEKDLLIYDSMPR Q[-17.0265]WKPALVVLTEKDLLIYDSM[15.9949]PR RKEAWFSPVHT VIAEVREQLGK,115,0.0
HPRR2550362,10,0,10,10,8.53972723,HPRR2550362,[],['HPRR2550362'],DQQGPGTLAQPAHVR DQQGPGTLAQPAHVRVSIPLSI ESSGSGVEEDHECVYCYR ESSGSGVEEDHECVYCYRVNR LFPVPVDPGTPCR LFPVPVDPGTPCRLCR RLFPVPVDPGTPCR RLFPVPVDPGTPCRLCR TPRDQQGPGTLAQPAHVR VSIPLSI,116,0.0
HPRR2550550,5,0,5,5,3.85081166,HPRR2550550,[],['HPRR2550550'],DPEAFLVQGLILSPR GTQRDPEAFLVQGLILSPR LLNAFIVAEK LLNAFIVAEKQK VIFSTLLGMK,117,0.0
HPRR2550573,4,0,4,4,4.25961316,HPRR2550573,[],['HPRR2550573'],ALGTTNIDLPASLR GIGVSSNGAKPELSE LSEKDRMELLEIAK MELLEIAK,118,0.0
HPRR2550633,10,0,10,10,7.739838550000001,HPRR2550633,[],['HPRR2550633'],DKPTNNFPK DKPTNNFPKNQTPVR LNVEAVNTHR LNVEAVNTHRDKPTNNFPK NSFTPLSSSNTIR NSFTPLSSSNTIRRPR NYSVGSRPLKPLSP RNSFTPLSSSNTIR VETIKLNVEAVNTHR VETIKLNVEAVNTHRDKPTNNFPK,119,0.0
HPRR2551184,12,0,12,12,11.997748399999999,HPRR2551184,[],['HPRR2551184'],ACEVAPLQSVFQGQK ACEVAPLQSVFQGQKTELNNCISMLVAGNDR ACEVAPLQSVFQGQKTELNNCISM[15.9949]LVAGNDR EELSQKFDTLYAIL ENSHQVKEELSQKFDTLYAIL FDTLYAIL TELNNCISMLVAGNDR TELNNCISMLVAGNDRVQTIITQLEDSR TELNNCISMLVAGNDRVQTIITQLEDSRR TELNNCISM[15.9949]LVAGNDRVQTIITQLEDSRR VQTIITQLEDSR VQTIITQLEDSRR,120,0.0
HPRR2551185,6,0,6,6,7.448175490000001,HPRR2551185,[],['HPRR2551185'],KLSFIEALIQQYQEQLDK KLSFIEALIQQYQEQLDKSTK LSFIEALIQQYQEQLDK LSFIEALIQQYQEQLDKSTK LVETAIQSLDEPGGATFLLTAK STKLVETAIQSLDEPGGATFLLTAK,121,0.0
HPRR2551249,11,0,11,11,10.899388100000001,HPRR2551249,[],['HPRR2551249'],HDSVDSGVSKGAYAGITGNPS HGEHLPRGEGRFGVSR HNSSDGFFNNGPLR RHNSSDGFFNNGPLR RRHNSSDGFFNNGPLR SPTATFEK SPTATFEKHGEHLPR SPTATFEKHGEHLPRGEGR TAGDSWHQPSLFR TAGDSWHQPSLFRHDSVDSGVSK TAGDSWHQPSLFRHDSVDSGVSKGAYAGITGNPS,122,0.0
HPRR2551324,9,0,9,9,7.369954440000001,HPRR2551324,[],['HPRR2551324'],EGKIVPVEITISLLKR EMDQTMAANAQK IVPVEITISLLK IVPVEITISLLKR KNPDSQYGELIEK NKFLIDG NPDSQYGELIEK YGYTHLSAGELLR YGYTHLSAGELLRDER,123,0.0
HPRR2551632,9,0,9,9,9.65228293,HPRR2551632,[],['HPRR2551632'],EWRPELLWMR EWRPELLWM[15.9949]R GELLNPTGTVR LHAEDSAPSR LPGGMLLASR LPGGM[15.9949]LLASR SNPNTDSAAALLICLPEVAPHPVYYPALEK SNPNTDSAAALLICLPEVAPHPVYYPALEKLPGGMLLASR SNPNTDSAAALLICLPEVAPHPVYYPALEKLPGGM[15.9949]LLASR,124,0.0
HPRR2551682,5,0,5,5,4.64674182,HPRR2551682,[],['HPRR2551682'],DQPTFTLR HLEVVLNQSEACASESQPHSSALTAPSSPGSSWMKK HLEVVLNQSEACASESQPHSSALTAPSSPGSSWM[15.9949]KK KDQPTFTLR QVGIICER,125,0.0
HPRR2551790,12,0,12,12,10.78511626,HPRR2551790,[],['HPRR2551790'],LIEGLSHEVIVSAACGR LWSWGR LWSWGRNEK NHTLALTETGSVF NLGQNLWGPHR NLGQNLWGPHRYGCLAGVR TVVSGSCAAHSLLITTEGK TVVSGSCAAHSLLITTEGKLWSWGR TVVSGSCAAHSLLITTEGKLWSWGRNEK VRTVVSGSCAAHSLLITTEGKLWSWGR YGCLAGVR YGCLAGVRVR,126,0.0
HPRR2552126,7,0,7,7,7.37201869,HPRR2552126,[],['HPRR2552126'],DHNKKVDFTEYLLMIFK DHNKKVDFTEYLLM[15.9949]IFK DYCQVSGSK IIGKDYCQVSGSK NKIIGKDYCQVSGSK VDFTEYLLMIFK VDFTEYLLM[15.9949]IFK,127,0.0
HPRR2580010,1,0,1,1,0.53120956,HPRR2580010,[],['HPRR2580010'],ILAGDVE,128,0.0
HPRR260088,3,0,3,3,2.85482047,HPRR260088,[],['HPRR260088'],CILFPPDQFECLYPYPVHHPCDR QSQVDFDNPDYER RIEYPLK,129,0.0
HPRR2620002,5,0,5,5,9.15512778,HPRR2620002,[],['HPRR2620002'],EIFTGEEGPESSEFSLSPNLDAQQK EIFTGEEGPESSEFSLSPNLDAQQKIPK KVSVTLKEIFTGEEGPESSEFSLSPNLDAQQK VSVTLKEIFTGEEGPESSEFSLSPNLDAQQK VSVTLKEIFTGEEGPESSEFSLSPNLDAQQKIPK,130,0.0
HPRR2620016,5,0,5,5,3.6740089300000003,HPRR2620016,[],['HPRR2620016'],GHKLTVTLSCGRPSIR LNYRVPSR LTVTLSCGRPSIR NCGEDWFRPK TTAWEDY,131,0.0
HPRR2620054,10,0,10,10,12.455784040000001,HPRR2620054,[],['HPRR2620054'],DQFNKLVTDLPNVQEEIVNIHNALR DQFNKLVTDLPNVQEEIVNIHNALRR LVTDLPNVQEEIVNIHNALR LVTDLPNVQEEIVNIHNALRR MSWSEEAAQNAR M[15.9949]SWSEEAAQNAR RLPNTF VVPPASNMLK YCDMTESNPLER YCDM[15.9949]TESNPLER,132,0.0
HPRR2640051,9,0,9,9,7.035210589999999,HPRR2640051,[],['HPRR2640051'],EDSTPLATLEFPPSEDR EDSTPLATLEFPPSEDRYTASGVHK EDSTPLATLEFPPSEDRYTASGVHKGATYVFR GATYVFR GATYVFRLA LQFGREDSTPLATLEFPPSEDR LQFGREDSTPLATLEFPPSEDRYTASGVHK WEPPAGTAEDQVLGYR YTASGVHKGATYVFR,133,0.0
HPRR2640146,9,0,9,9,7.063239770000001,HPRR2640146,[],['HPRR2640146'],LIVNLKPEK LIVNLKPEKSYSFVLTNR LIVNLKPEKSYSFVLTNRGNSAGGLQHR SYSFVLTNR SYSFVLTNRGNSAGGLQHR TAPDVLR TKPAFIGK TNLDGMITVQLPEVPANEN TNLDGM[15.9949]ITVQLPEVPANEN,134,0.0
HPRR2650003,8,0,8,8,9.052111199999999,HPRR2650003,[],['HPRR2650003'],KTNKQVFVSYNL LTDSLFLWVGATPHLR NLAVAMCSR NLAVAMCSRYDSIPVSTSLLGDTSDTTSTGLAQR QVFVSYNL Q[-17.0265]VFVSYNL TNKQVFVSYNL YDSIPVSTSLLGDTSDTTSTGLAQR,135,0.0
HPRR2700128,15,0,15,15,22.448972140000002,HPRR2700128,[],['HPRR2700128'],ATTNIIQPLLHAQWVLGDWSECSSTCGAGWQR ATTNIIQPLLHAQWVLGDWSECSSTCGAGWQRR DPSGQASATCNK ERATTNIIQPLLHAQWVLGDWSECSSTCGAGWQR ERATTNIIQPLLHAQWVLGDWSECSSTCGAGWQRR RTVECRDPSGQASATCNK TVECRDPSGQASATCNK VKYTFFVPNDVDFSMQSSK VKYTFFVPNDVDFSMQSSKER VKYTFFVPNDVDFSM[15.9949]QSSK VKYTFFVPNDVDFSM[15.9949]QSSKER YTFFVPNDVDFSMQSSK YTFFVPNDVDFSMQSSKER YTFFVPNDVDFSM[15.9949]QSSK YTFFVPNDVDFSM[15.9949]QSSKER,136,0.0
HPRR2700178,10,0,10,10,8.14586662,HPRR2700178,[],['HPRR2700178'],FICEQCGK GSLKEDLTQHK QLIVDDLK QLIVDDLKGSLKEDLTQHK Q[-17.0265]LIVDDLKGSLK Q[-17.0265]LIVDDLKGSLKEDLTQHK SPPTRPVPGHR SPPTRPVPGHRSER STSTGSAASSGSNSSASSEQGLLGR STSTGSAASSGSNSSASSEQGLLGRSPPTRPVPGHR,137,0.0
HPRR2700179,11,0,11,11,11.29764775,HPRR2700179,[],['HPRR2700179'],AIRGSNEYTEGPSVVK AIRGSNEYTEGPSVVKRPAPR EIQPTAILSLDQIK GSNEYTEGPSVVK GSNEYTEGPSVVKRPAPR LDYEREIQPTAILSLDQIK QRLDYER QRLDYEREIQPTAILSLDQIK Q[-17.0265]RLDYEREIQPTAILSLDQIK THEIIPINVNNNYEHR THEIIPINVNNNYEHRHTSHLG,138,0.0
HPRR2750112,11,0,11,11,6.226070400000001,HPRR2750112,[],['HPRR2750112'],APGLLPYEPFTMVAVK APGLLPYEPFTM[15.9949]VAVK DIGEGAFGR DIGEGAFGRVFQAR LHPNPMYQR LLSLEYPR LLSLEYPRNNIEYVR LLSLEYPRNNIEYVRDIGEGAFGR MPLLLNPK NNIEYVR NNIEYVRDIGEGAFGRVFQAR,139,0.0
HPRR2760146,7,0,7,7,8.07246935,HPRR2760146,[],['HPRR2760146'],ELLEEMHGEREEGCTQENTESEYYAKEI ELLEEM[15.9949]HGEREEGCTQENTESEYYAKEI LRLTSPPEPTVMTHVPYQVLALYNSTR LRLTSPPEPTVM[15.9949]THVPYQVLALYNSTR LTSPPEPTVMTHVPYQVLALYNSTR LTSPPEPTVM[15.9949]THVPYQVLALYNSTR VEAIRGQILSK,140,0.0
HPRR2760180,6,0,6,6,5.514418169999999,HPRR2760180,[],['HPRR2760180'],GDTLCTNLTGTLLPSR HHPTTLAVGICSPASR LSFHQGCTIASQR LTPLARGDTLCTNLTGTLLPSR LTPLARGDTLCTNLTGTLLPSRNTDETFFGVQWV NTDETFFGVQWV,141,0.0
HPRR2760182,9,0,9,9,8.94704715,HPRR2760182,[],['HPRR2760182'],EQMQDALGNNSSFHHR EQM[15.9949]QDALGNNSSFHHR FFFNLSSIPTEEFITSAELQVFR FPVTSLLDTR INIYEIIKPATANSK INIYEIIKPATANSKFPVTSLLDTR LVNQNASRWESFDVT RFFFNLSSIPTEEFITSAELQVFR WESFDVT,142,0.0
HPRR2760304,9,0,9,9,8.91034167,HPRR2760304,[],['HPRR2760304'],GDSGSPATWTTR GEPGPAGSDGLPGLK GEPGPAGSDGLPGLKGK GFVFTR GNKGSKGEPGPAGSDGLPGLK GSKGEPGPAGSDGLPGLK GSKGEPGPAGSDGLPGLKGK HSQTTAIPSCPEGTVPLYSGFSFL RGDSGSPATWTTR,143,0.0
HPRR280003,12,0,12,12,10.51278376,HPRR280003,[],['HPRR280003'],EMETPDWTPDIK EMETPDWTPDIKHSK EM[15.9949]ETPDWTPDIK EM[15.9949]ETPDWTPDIKHSK IRVDLPLGSPAVNCTVLPGGISVSSAILTQTNNDEFVIVGGYQLENQKR IWFGSNMGNGTVFLGIPGDNK IWFGSNMGNGTVFLGIPGDNKQVVSEGF MICNIISLEDNK MICNIISLEDNKIEIR M[15.9949]ICNIISLEDNKIEIR QVVSEGF RMICNIISLEDNKIEIR,144,0.0
HPRR280079,6,0,6,6,3.36110771,HPRR280079,[],['HPRR280079'],ISIKPSTMWFGER RSSCLSLLTSWITGAY SSCLSLLTSWITGAY VVEILKPLCR WCHHDSLYPLTPGIK WCHHDSLYPLTPGIKR,145,0.0
HPRR280081,10,0,10,10,6.60803856,HPRR280081,[],['HPRR280081'],DQTIRFDHVITNMNNNYEPR DQTIRFDHVITNM[15.9949]NNNYEPR FDHVITNMNNNYEPR FDHVITNM[15.9949]NNNYEPR FTCKVPGLYYFTYHASSR GNLCVNLMR IAFSATR TINVPLRR VPGLYYFTYHASSR VPGLYYFTYHASSRGNLCVNLMR,146,0.0
HPRR280111,6,0,6,6,7.912013559999999,HPRR280111,[],['HPRR280111'],ALLAFQESK LIQEAPKPGCEK NLCEAMENFMQQLK SQCLEDHTWAPPFPICK SRDCDPPGNPVHGYFEGNNFTLGSTISYYCEDR YYLVGVQEQQCVDGEWSSALPVCK,147,0.0
HPRR2810004,5,0,5,5,3.9605156900000003,HPRR2810004,[],['HPRR2810004'],FPVPVLK IFTSNTHSSVVLQG LSLGGSEMGLSSHLQSSK LSLGGSEM[15.9949]GLSSHLQSSK STPLSPAYISLVEEEDQHMK,148,0.0
HPRR2810254,6,0,6,6,5.783155659999999,HPRR2810254,[],['HPRR2810254'],DSITYREVLESGLAR ELGTSDSSLQDITEGGGHCPVHLFKDHVDNDKEK EVLESGLAR KDSITYREVLESGLAR LKEFGTAR SRELGTSDSSLQDITEGGGHCPVHLFK,149,0.0
HPRR2880070,4,0,4,4,4.30929827,HPRR2880070,[],['HPRR2880070'],HSPQLVVHVGVSGMATTVTLEK HSPQLVVHVGVSGM[15.9949]ATTVTLEK LGLGDSVDLHVYEIPVEYQTVQR LIPALWEK,150,0.0
HPRR2890041,7,0,7,7,8.01046343,HPRR2890041,[],['HPRR2890041'],AAQPSPSTVPK AAQPSPSTVPKTEDQRPQ ETPLPHLTSDDVDK ETPLPHLTSDDVDKALQNSPR NTDLPYEPPR NTDLPYEPPRR SAWTGHGHPTPQSK,151,0.0
HPRR290033,9,0,9,9,8.760803860000001,HPRR290033,[],['HPRR290033'],AFQDKYFMIGTQGSCQTAHFGGR LRVDQLK LRVDQLKYDVQHLQTALR QREELLSR Q[-17.0265]REELLSR VDQLKYDVQHLQTALR VHNGMDDLILDGHNILDGLR VHNGM[15.9949]DDLILDGHNILDGLR YDVQHLQTALR,152,0.0
HPRR2930357,12,0,12,12,10.33112569,HPRR2930357,[],['HPRR2930357'],DNWQAFEK DNWQAFEKNTHNNNK GPCLVIQR GPCLVIQRQDM GPCLVIQRQDM[15.9949] HNQMCCETPPTVTVYVK HNQM[15.9949]CCETPPTVTVYVK KPITLKRPICKDNWQAFEK RPICKDNWQAFEK RPICKDNWQAFEKNTHNNNK RPKGPCLVIQR SKRPKGPCLVIQR,153,0.0
HPRR3000481,6,0,6,6,6.262266830000001,HPRR3000481,[],['HPRR3000481'],ASAQQENSSTCIGSAIK ASAQQENSSTCIGSAIKSESGNSAR GISSSNEGVEEPSK GISSSNEGVEEPSKK RGISSSNEGVEEPSK SSGISSQNSSTSDGD,154,0.0
HPRR300183,11,0,11,11,12.29582378,HPRR300183,[],['HPRR300183'],EFGVATNTFFKPPCVSVYR EQANLNSRTEETIK EVCIDVGK EVCIDVGKEFGVATNTFFKPPCVSVYR FAAAHYNTEILK GGWQHNREQANLNSR SIDNEWR SIDNEWRK SVSSVDELMTVLYPEYWK SVSSVDELM[15.9949]TVLYPEYWK TEETIKFAAAHYNTEILK,155,0.0
HPRR3020476,9,0,9,9,9.33693032,HPRR3020476,[],['HPRR3020476'],APARWEWLYSIYR APARWEWLYSIYRK FLRPWYFSR LLKPNSSLSNLETAYFPQNLR NVLRSPCAPPQPSWPCSVI SCNRPCVWSR SPCAPPQPSWPCSVI WEWLYSIYR WEWLYSIYRK,156,0.0
HPRR3090113,5,0,5,5,7.54764681,HPRR3090113,[],['HPRR3090113'],ALWPACLHGSSTLAVCQTHL EELDPLK TLLLKEELDPLK TLLLKEELDPLKVSCLETLGFSAAGVAGPENR VSCLETLGFSAAGVAGPENR,157,0.0
HPRR3140345,5,0,5,5,6.984943070000001,HPRR3140345,[],['HPRR3140345'],AISSIGLECQSVTSR AISSIGLECQSVTSRGDLATCPR GFAVTGCTCGSACGSWDVR GFAVTGCTCGSACGSWDVRAETTCHCQC IQEVAGSLIFR,158,0.0
HPRR330224,6,0,6,6,5.65163465,HPRR330224,[],['HPRR330224'],AIELFQR EAEGEQFVEEALEK EAEGEQFVEEALEKSPCQTDVLR KGDLDKAIELFQR SPCQTDVLR VLESTPNNGYLYHQIGCCYK,159,0.0
HPRR330275,9,0,9,9,7.62699786,HPRR330275,[],['HPRR330275'],AGTHPLNPANSSHLLSLTLGPQHADNIYICTVSNPISNNSQTFSPWPGCR FCLQLR FYLENLTLGIR GDHVAYSWSEK KEDEGWYLMTLEK LYEQVSTPEIK VLNKTQENGTCTLILGCTVEKGDHVAYSWSEK YKFYLENLTLGIR YLGDRYKFYLENLTLGIR,160,0.0
HPRR340034,11,0,11,11,9.928529229999999,HPRR340034,[],['HPRR340034'],IFQECIETDISIQR IHNGVIPFDDNQCGNVFR KKPDQSFGGGKSSSQSEPNSNLEK KNLKPNIDLPSCYK NLKPNIDLPSCYK NLKPNIDLPSCYKSNSR NTQSLIQYQNVETK NTQSLIQYQNVETKEK SSSQSEPNSNLEKIHNGVIPFDDNQCGNVFR TVTEASGHKYNPLGK n[42.0106]QVTFVNSK,161,0.0
HPRR340039,10,0,10,10,10.127448880000001,HPRR340039,[],['HPRR340039'],CKGIYYWNSR EIYMSGSHGFQGGR GIYYWNSR LIVQHSYIPVEEALPQYVGVICQEDLLR LIVQHSYIPVEEALPQYVGVICQEDLLRDSMEEK LIVQHSYIPVEEALPQYVGVICQEDLLRDSMEEKYCGCNK LIVQHSYIPVEEALPQYVGVICQEDLLRDSM[15.9949]EEK LIVQHSYIPVEEALPQYVGVICQEDLLRDSM[15.9949]EEKYCGCNK TTQDYGREIYMSGSHGFQGGR YRLGISR,162,0.0
HPRR340181,8,0,8,8,7.9232029,HPRR340181,[],['HPRR340181'],AFLDTFTLLDSQMTHAEVRPF EEGMDLPDSSGLFQHQTTYNR RTECMESFPHSSSLR RTECM[15.9949]ESFPHSSSLR SCTVHMLGR SFTCREEGMDLPDSSGLFQHQTTYNR TECMESFPHSSSLR TECM[15.9949]ESFPHSSSLR,163,0.0
HPRR3420055,7,0,7,7,8.60385905,HPRR3420055,[],['HPRR3420055'],IVVHPYWNSD QNWVMTAAHCVDYQK QNWVM[15.9949]TAAHCVDYQK Q[-17.0265]NWVMTAAHCVDYQK SGGSRYHTCGGTLIR VVAGDHNLSQNDGTEQYVSVQK YHTCGGTLIR,164,0.0
HPRR3450022,13,0,13,13,10.80166963,HPRR3450022,[],['HPRR3450022'],DLIATQK DLIATQKDLIATQR DLIATQKDLIATQRDLIATQR DLIATQR DLIATQRDLIVTQR DLINQSGR DLIVTQR DLVATER DLVATERDLINQSGR SQGDLVDTQSDLIATQR SQGDLVDTQSDLIATQRDLIATQK SQGDLVDTQSDLIATQRDLIATQKDLIATQR SRSQGDLVDTQSDLIATQR,165,0.0
HPRR360208,6,0,6,6,8.622274339999999,HPRR360208,[],['HPRR360208'],GPAAPTPAPTLPSPNSSFTSLVSPYR HDPLGKPLLWSPFLQRPLHK HDPLGKPLLWSPFLQRPLHKR TPVYEPTPIHPAFSHHSAAALAAAYGPGGFGGPLYPFPR TVNDYTHALLR TVNDYTHALLRHDPLGKPLLWSPFLQRPLHK,166,0.0
HPRR370244,8,0,8,8,7.005455090000001,HPRR370244,[],['HPRR370244'],GDFLASLENDIKPAFGTNQEDYASYIM[15.9949]NGIIK IAEESNFPFIK IAEESNFPFIKICSPDK NSDRTPLVSVLLEGPPHSGK NSDRTPLVSVLLEGPPHSGKTALAAK TPLVSVLLEGPPHSGK VLDDGELLVQQTK WGDPVTR,167,0.0
HPRR3720166,5,0,5,5,5.32987239,HPRR3720166,[],['HPRR3720166'],CGFNINVR CGFNINVRDFEGK CGFNINVRDFEGKVVK SADEGQTVFYTCT TSVVFHQLGTAMPMSVEEGPECQGPVVDRR,168,0.0
HPRR390019,6,0,6,6,5.94758394,HPRR390019,[],['HPRR390019'],NWYSLVIR SQDFHFHLK TKSQDFHFHLK VTVVGNENNSLLIESIK YHNLSLYTEHSVQEK YHNLSLYTEHSVQEKNWYSLVIR,169,0.0
HPRR3910060,7,0,7,7,6.45854628,HPRR3910060,[],['HPRR3910060'],FRSTTIIFPK HFQDKVFYAPVPTITAYSETIVAAPNCTWR NYRSQLTLEPRPR SQLTLEPRPR STTIIFPK VFYAPVPTITAYSETIVAAPNCTWR YASEKHFQDKVFYAPVPTITAYSETIVAAPNCTWR,170,0.0
HPRR4030046,13,0,13,13,14.74119076,HPRR4030046,[],['HPRR4030046'],CQYYTASFSDYAK EEIKKLEVDEITLWYK ILEENKELENALK ILEENKELENALKNIQLPK KLEVDEITLWYK KLEVDEITLWYKM[15.9949] LEVDEITLWYK NIQLPK NIQLPKEEIK NIQLPKEEIKK TDQEIKILEENKELENALK YYALVCYGPGIPISTLHDGR YYALVCYGPGIPISTLHDGRTDQEIK,171,0.0
HPRR4310007,1,0,1,1,0.38140974,HPRR4310007,[],['HPRR4310007'],LSGGVAQAELYLAAHGSR,176,0.0
HPRR4320010,1,0,1,1,0.41890731,HPRR4320010,[],['HPRR4320010'],FEDFTR,181,0.0
HPRR500030,8,0,8,8,4.79487046,HPRR500030,[],['HPRR500030'],ETFPFTSSMLR ETFPFTSSM[15.9949]LR LQQEWLEWEDR LQQEWLEWEDRR LQQEWLEWEDRRR QTAPLAIATAR SLRLQQEWLEWEDR TKQTAPLAIATAR,232,0.0
HPRR500083,11,0,11,11,11.90223525,HPRR500083,[],['HPRR500083'],DSSDQRHFFTLSVK FDCVLK HFFTLSVK IQCEGGSFSLQSDPR IQCEGGSFSLQSDPRSTQPVPR KLQESGFYWSAVTGGEANLLLSAEPAGTFLIRDSSDQR LVHHYMPPPGAPSFPSPPTEPSSEVPEQPS LVHHYM[15.9949]PPPGAPSFPSPPTEPSSEVPEQPS SEYQLVVNAVR SEYQLVVNAVRK STQPVPRFDCVLK,233,0.0
HPRR540010,13,0,13,13,11.14929542,HPRR540010,[],['HPRR540010'],ALSSDSFGEEQSTTYLPEASGSVLK ALSSDSFGEEQSTTYLPEASGSVLKTPPEKETLTLGSCK APHAMDRDWKESVASK APHAM[15.9949]DRDWKESVASK EQLKTPSKGISETSNSALHFCK ETLTLGSCKEQLKTPSK GISETSNSALHFCK LSAEVPVASSPITTR MQLCEQSECVWK QLFVTQNVVQQANGK Q[-17.0265]LFVTQNVVQQANGK RLSAEVPVASSPITTR TPPEKETLTLGSCK,234,0.0
HPRR540013,14,0,14,14,16.35523653,HPRR540013,[],['HPRR540013'],ARGDLGAFSR CSHLLVK EEALELINGYIQK GDLGAFSR GDLGAFSRGQMQKPFEDASFALR GQMQKPFEDASFALR GQM[15.9949]QKPFEDASFALR IKSGEEDFESLASQFSDCSSAK SGEEDFESLASQFSDCSSAK TGEMSGPVFTDSGIHIILR TGEMSGPVFTDSGIHIILRTE TGEM[15.9949]SGPVFTDSGIHIILR TGEM[15.9949]SGPVFTDSGIHIILRTE TKEEALELINGYIQK,235,0.0
HPRR590037,13,0,13,13,11.83757318,HPRR590037,[],['HPRR590037'],DAFPEAIIVKPSDIFGR DAFPEAIIVKPSDIFGREDR FGPIPLGSLGWK FLNSFASMHR GIVNAVKDPDANGK GIVNAVKDPDANGKSFAFVGPSR QPVYVVDVSK SFAFVGPSR TVKQPVYVVDVSK VVRDAFPEAIIVKPSDIFGR VVRDAFPEAIIVKPSDIFGREDR YIFAVAH YLLFHLVK,236,0.0
HPRR640048,11,0,11,11,8.3403347,HPRR640048,[],['HPRR640048'],DLPIEDQISLLK GIISFAK KDLCSLK LPGVLSSGCELPESLQAPSREEAAK NFRLPGVLSSGCELPESLQAPSR NFRLPGVLSSGCELPESLQAPSREEAAK TFDTTFSHFK TFDTTFSHFKNFR VISYFR VISYFRDLPIEDQISLLK VSLQLR,237,0.0
HPRR650006,11,0,11,11,14.509209779999999,HPRR650006,[],['HPRR650006'],ALPHFILVECCK LIVAVHFENCQDVFSFQVSPNMNPIKVNELAIQKR LTIHGKEDEVSPYDYVLQVSGR LTIHGKEDEVSPYDYVLQVSGRVEYVFGDHPLIQFQYIR MYEQEMIAIEAAINR NSSNLPLPLPPK NSSNLPLPLPPKK NSSNLPLPLPPKKTR RLTIHGKEDEVSPYDYVLQVSGR VEYVFGDHPLIQFQYIR VNELAIQK,238,0.0
HPRR650016,11,0,11,11,12.03042638,HPRR650016,[],['HPRR650016'],AVASFLR AVASFLRR AYISMHSYSQHIVFPYSYTR AYISM[15.9949]HSYSQHIVFPYSYTR DHEELSLVASEAVR HWCEEGASSSSCSETYCGLYPESEPEVK NFASKHWCEEGASSSSCSETYCGLYPESEPEVK SFYANNHCIGTDLNR SFYANNHCIGTDLNRNFASK SKDHEELSLVASEAVR YTHGHGSETL,239,0.0
HPRR670080,8,0,8,8,8.20255444,HPRR670080,[],['HPRR670080'],ALRSETELLLSGK DMEQELAHAVNASSK EIAQSHRDMEQELAHAVNASSK MALQLDPPQKEQLGSALAEMDR RLADTPWLCQSAEPGDEESVMLDLA SETELLLSGK TTEGLNCSFVLEMVNNFR TTEGLNCSFVLEM[15.9949]VNNFR,240,0.0
HPRR670317,12,0,12,12,7.921037680000001,HPRR670317,[],['HPRR670317'],EAGALDRLLDLPAAASSEDIE ELRPEDDMKPGSFDR ELRPEDDM[15.9949]KPGSFDR GWTLNSAGYLLGPHAVGNHR LLDLPAAASSEDIE RELRPEDDMKPGSFDR RGWTLNSAGYLLGPHAVGNHR SFSDKNGLTSKR SIPENNIMR SIPENNIM[15.9949]R TIIEFLSFLHLK TIIEFLSFLHLKEAGALDR,241,0.0
HPRR680239,10,0,10,10,10.02544103,HPRR680239,[],['HPRR680239'],ETKNTADHDESPPRTPTGNAPSSESDIDISSPNV LSQSSQDSSPVR LSQSSQDSSPVRNLQSFGTEEPAYSTR NLQSFGTEEPAYSTR NLQSFGTEEPAYSTRR NTADHDESPPRTPTGNAPSSESDIDISSPNV SQQQPTPVTPK SSGSETEQVVDFSDR SSGSETEQVVDFSDRETK TPTGNAPSSESDIDISSPNV,242,0.0
HPRR4320036,1,0,1,1,0.26361714,HPRR4320036,[],['HPRR4320036'],QLEVTCTPYLK,182,0.0053475935828877
HPRR4320531,1,0,1,1,0.31489417,HPRR4320531,[],['HPRR4320531'],LFSAFSGSSDWDNLIVHSR,214,0.0053475935828877
HPRR4320627,1,0,1,1,0.26013167,HPRR4320627,[],['HPRR4320627'],YNELLK,221,0.0053475935828877
HPRR4290910,1,0,1,1,0.18744497,HPRR4290910,[],['HPRR4290910'],NGAVWGRVR,172,0.010362694300518135
HPRR4290954,1,0,1,1,0.15214352,HPRR4290954,[],['HPRR4290954'],EATWTMSNITASR,173,0.010362694300518135
HPRR4320246,2,0,2,2,0.20171419000000002,HPRR4320246,[],['HPRR4320246'],TDAAMSELVPEPRPKPAVPM[15.9949]KPMSINSNLLGYIGIDTIIEQM[15.9949]R TDAAMSELVPEPRPKPAVPM[15.9949]KPM[15.9949]SINSNLLGYIGIDTIIEQMR,198,0.010362694300518135
HPRR4320376,1,0,1,1,0.18335093,HPRR4320376,[],['HPRR4320376'],PSSGQEVATPPVPQLQVCEPK,204,0.010362694300518135
HPRR4320539,1,0,1,1,0.18027976,HPRR4320539,[],['HPRR4320539'],ISGNPSLIK,215,0.010362694300518135
HPRR4340037,2,0,2,2,0.15654958,HPRR4340037,[],['HPRR4340037'],IVVYLGTSLGNITR LVELYR,228,0.010362694300518135
HPRR4320160,1,0,1,1,0.14107157,HPRR4320160,[],['HPRR4320160'],FLEATLR,192,0.020618556701030927
HPRR4310048,1,0,1,1,0.13642026,HPRR4310048,[],['HPRR4310048'],LWELLFSEAISSEQRAM[15.9949]LAQQYQEGTLSVEK,179,0.025510204081632654
HPRR4320606,1,0,1,1,0.1362222,HPRR4320606,[],['HPRR4320606'],AVISRTMNR,218,0.025510204081632654
HPRR4320112,1,0,1,1,0.12394501,HPRR4320112,[],['HPRR4320112'],LAFEKR,188,0.030303030303030304
HPRR4340007,1,0,1,1,0.12333823,HPRR4340007,[],['HPRR4340007'],AHGQGRSGLTPEREGK,226,0.030303030303030304
HPRR4310004,1,0,1,1,0.10991882,HPRR4310004,[],['HPRR4310004'],VLQLHR,175,0.039603960396039604
HPRR4320007,1,0,1,1,0.11293936,HPRR4320007,[],['HPRR4320007'],SAVENKTSPHSK,180,0.039603960396039604
HPRR4320072,1,0,1,1,0.11679884,HPRR4320072,[],['HPRR4320072'],YLWAASLAEK,186,0.039603960396039604
HPRR4340104,1,0,1,1,0.10949627,HPRR4340104,[],['HPRR4340104'],IGSPPSVVMLVGSSPR,231,0.039603960396039604
HPRR2330128,1,0,1,1,0.10025572,HPRR2330128,[],['HPRR2330128'],TVEVDSKAAEIGK,88,0.043689320388349516
HPRR4320113,0,1,1,1,0.09341886,HPRR4320113,['HPRR4320116'],['HPRR4320113'],IAELEIS,189,0.043689320388349516
HPRR4320399,1,0,1,1,0.0947279,HPRR4320399,[],['HPRR4320399'],IEDLSR,205,0.043689320388349516
HPRR4320650,1,0,1,1,0.0992039,HPRR4320650,[],['HPRR4320650'],IDELER,222,0.043689320388349516
HPRR4320232,1,0,1,1,0.09018849,HPRR4320232,[],['HPRR4320232'],LTDNQTSTMIKATARSAPDR,196,0.05314009661835749
HPRR4320066,1,0,1,1,0.07802216,HPRR4320066,[],['HPRR4320066'],AEEKM[15.9949]QEQLER,185,0.06220095693779904
HPRR4320422,1,0,1,1,0.0766816,HPRR4320422,[],['HPRR4320422'],VLTLSDDLER,206,0.06220095693779904
HPRR4320052,2,0,2,2,0.06930226,HPRR4320052,[],['HPRR4320052'],LEGTQHLQDVPYVM[15.9949]VR n[42.0106]LEGTQHLQDVPYVM[15.9949]VRER,184,0.07109004739336493
HPRR4320542,1,0,1,1,0.06964574,HPRR4320542,[],['HPRR4320542'],n[42.0106]WSPASISPGSAPASVSVPEPLAAPSNTSCM[15.9949]QR,216,0.07109004739336493
HPRR4310045,1,0,1,1,0.05666347,HPRR4310045,[],['HPRR4310045'],WVQETKL,178,0.07272727272727272
HPRR4320298,1,0,1,1,0.06448818,HPRR4320298,[],['HPRR4320298'],n[42.0106]VAEPDHLREAGITAVLTVDSEEPSFK,201,0.07272727272727272
HPRR4320444,1,0,1,1,0.05524509,HPRR4320444,[],['HPRR4320444'],APPPPEPK,207,0.07272727272727272
HPRR4320451,1,0,1,1,0.06725246,HPRR4320451,[],['HPRR4320451'],VAGIFPR,208,0.07272727272727272
HPRR4320478,2,0,2,2,0.061150699999999995,HPRR4320478,[],['HPRR4320478'],n[42.0106]PFAAILPFQHGGSSAPVEFVGDFTAPESTGDPEKPPPLPEKK n[42.0106]PFAAILPFQHGGSSAPVEFVGDFTAPESTGDPEKPPPLPEKKNK,210,0.07272727272727272
HPRR4320513,1,0,1,1,0.05705749,HPRR4320513,[],['HPRR4320513'],LPLSSPR,211,0.07272727272727272
HPRR4320520,1,0,1,1,0.05458709,HPRR4320520,[],['HPRR4320520'],n[42.0106]PLKTM[15.9949]LGPRYDSQVAEENR,213,0.07272727272727272
HPRR4320618,1,0,1,1,0.05529173,HPRR4320618,[],['HPRR4320618'],WLDPENSTNRVFFCHGELCIIPAPR,219,0.07272727272727272
HPRR4320694,1,0,1,1,0.06590109,HPRR4320694,[],['HPRR4320694'],TYKKIASR,225,0.07272727272727272
HPRR4320346,1,0,1,1,0.05271613,HPRR4320346,[],['HPRR4320346'],LATQSNEITIPVTFESR,202,0.07657657657657657
HPRR4320683,1,0,1,1,0.04917745,HPRR4320683,[],['HPRR4320683'],SVSPTVNVSSERAESRPTLFM[15.9949]AVSLHM[15.9949]AWCLAHIGIR,223,0.07657657657657657
HPRR4310008,1,0,1,1,0.0470669,HPRR4310008,[],['HPRR4310008'],PEIMAPTVATGLNAGAENVAGER,177,0.08
HPRR4320363,1,0,1,1,0.04813717,HPRR4320363,[],['HPRR4320363'],INM[15.9949]ANK,203,0.08
HPRR4340088,1,0,1,1,0.04549867,HPRR4340088,[],['HPRR4340088'],n[42.0106]SVSSEQLAQFRSLLSNVEGDNAVPMQHNNRPTQPLK,229,0.08
HPRR4320626,2,0,2,2,0.0445283,HPRR4320626,[],['HPRR4320626'],K[42.0106]EDALNETR n[42.0106]KEDALNETR,220,0.08849557522123894
HPRR4320233,1,0,1,1,0.04082852,HPRR4320233,[],['HPRR4320233'],ATVYSDKLWIFAGYDGNARLNDM[15.9949]WTIGLQDR,197,0.10526315789473684
HPRR4320270,1,0,1,1,0.04045752,HPRR4320270,[],['HPRR4320270'],WSTSFHMLERLIEQK,199,0.10526315789473684
HPRR4320165,1,0,1,1,0.03495797,HPRR4320165,[],['HPRR4320165'],ELEAGSLYHLTV,193,0.10869565217391304
HPRR4320687,1,0,1,1,0.03300952,HPRR4320687,[],['HPRR4320687'],HLERRDAESLK,224,0.10869565217391304
HPRR4320154,1,0,1,1,0.02694943,HPRR4320154,[],['HPRR4320154'],TLLEAR,191,0.1111111111111111
HPRR4320205,1,0,1,1,0.0276902,HPRR4320205,[],['HPRR4320205'],TLSSGNCTLSVPAK,194,0.1111111111111111
HPRR4320464,1,0,1,1,0.02726296,HPRR4320464,[],['HPRR4320464'],NSNPDEVVVPLDSMGNPR,209,0.1111111111111111
HPRR4340097,1,0,1,1,0.02619512,HPRR4340097,[],['HPRR4340097'],HRDHAM[15.9949]VPLEEAA,230,0.1111111111111111
HPRR4320047,1,0,1,1,0.01600098,HPRR4320047,[],['HPRR4320047'],DLRNQLLNYRSAISNHGSK,183,0.13135593220338984
HPRR4320211,1,0,1,1,0.01628031,HPRR4320211,[],['HPRR4320211'],GLEDVRPSVESLLDELESSVPSPVPAITVNQGEMSSPQRVTSTQQQTR,195,0.13135593220338984
HPRR4320584,1,0,1,1,0.0126684,HPRR4320584,[],['HPRR4320584'],Q[-17.0265]WLAIQKLRSK,217,0.14345991561181434
HPRR4320120,1,0,1,1,0.01207479,HPRR4320120,[],['HPRR4320120'],IVHIANDLFLQEQKTLGADDTM[15.9949]LAK,190,0.14644351464435146
HPRR4320296,1,0,1,1,0.00798962,HPRR4320296,[],['HPRR4320296'],QELEEEQRR,200,0.14644351464435146
HPRR4291001,1,0,1,1,0.00506444,HPRR4291001,[],['HPRR4291001'],VVRVM[15.9949]LDYVDQVR,174,0.15416666666666667
HPRR4320081,1,0,1,1,0.00195138,HPRR4320081,[],['HPRR4320081'],GSHGQTPSPGALPLGRQTSQQP,187,0.15702479338842976
HPRR4320518,1,0,1,1,0.00195615,HPRR4320518,[],['HPRR4320518'],LNNITIIGPLDMK,212,0.15702479338842976
HPRR4340021,1,0,1,1,0.00092854,HPRR4340021,[],['HPRR4340021'],VLRSVNSREPSQVIFCNR,227,0.16049382716049382
