ProteinId,unique,non_unique,razor,total_peptides,score,Group,indistinguishable,subset,peptideIds,ProteinGroupId
decoy_HPRR1920021,0,1,1,1,0.01773148,decoy_HPRR1920021,['decoy_HPRR3770043'],['decoy_HPRR1920021'],AAIYPRPVELQ[-17.0265]R,0
decoy_HPRR1950528,0,1,1,1,0.02238587,decoy_HPRR1950528,['decoy_HPRR4420016'],['decoy_HPRR1950528'],RSLDGLLR,1
decoy_HPRR1952500,1,0,1,1,0.12070936,decoy_HPRR1952500,[],['decoy_HPRR1952500'],IEQLIH,2
decoy_HPRR2260008,0,1,1,1,0.04098526,decoy_HPRR2260008,['decoy_HPRR3870078'],['decoy_HPRR2260008'],LLM[15.9949]QIR,3
decoy_HPRR232384,1,0,1,1,0.11597975,decoy_HPRR232384,[],['decoy_HPRR232384'],QLGLTMR,4
decoy_HPRR2501480,1,0,1,1,0.10916815,decoy_HPRR2501480,[],['decoy_HPRR2501480'],EEQEKNKQLEHQFQNLQ,5
decoy_HPRR2551184,1,0,1,1,0.00602131,decoy_HPRR2551184,[],['decoy_HPRR2551184'],IAYLTDFKQSLEEKVQHSNEL,6
decoy_HPRR2551682,1,0,1,1,0.0278894,decoy_HPRR2551682,[],['decoy_HPRR2551682'],LRECIIGVQL,7
decoy_HPRR2810004,0,1,1,1,0.03116684,decoy_HPRR2810004,['decoy_HPRR3720023'],['decoy_HPRR2810004'],LVPVPFK,8
decoy_HPRR3020476,1,0,1,1,0.02557829,decoy_HPRR3020476,[],['decoy_HPRR3020476'],YISYLWEWRAPAR,9
decoy_HPRR3690184,1,0,1,1,0.02436872,decoy_HPRR3690184,[],['decoy_HPRR3690184'],LLTVPNK,10
decoy_HPRR3760711,2,0,2,2,0.10715007,decoy_HPRR3760711,[],['decoy_HPRR3760711'],LAEIFSLI LAEIFSLKKEQEQTII,11
decoy_HPRR3790889,1,0,1,1,0.04858352,decoy_HPRR3790889,[],['decoy_HPRR3790889'],PLEFSLSAPGLGLPSASTSLGHSPPR,12
decoy_HPRR3830190,1,0,1,1,0.03414538,decoy_HPRR3830190,[],['decoy_HPRR3830190'],VWQAHLLPQIINTTAREL,13
decoy_HPRR3880239,2,0,2,2,0.35052203,decoy_HPRR3880239,[],['decoy_HPRR3880239'],LPAPKPRPIKT LPAPKPRPIT,14
decoy_HPRR3890843,1,0,1,1,0.04626232,decoy_HPRR3890843,[],['decoy_HPRR3890843'],M[15.9949]FLKFGEFDITQNLIDQK,15
decoy_HPRR3950217,1,0,1,1,0.00736871,decoy_HPRR3950217,[],['decoy_HPRR3950217'],FLSPQHWSDGATRLPGNNFFGDR,16
decoy_HPRR4030177,1,0,1,1,0.00348081,decoy_HPRR4030177,[],['decoy_HPRR4030177'],TVTPDQTYTYILGPSSINAR,17
decoy_HPRR4030303,1,0,1,1,0.01042332,decoy_HPRR4030303,[],['decoy_HPRR4030303'],SDEMYVLDGSRPALGKTLSGQP,18
decoy_HPRR4160788,1,0,1,1,0.1322285,decoy_HPRR4160788,[],['decoy_HPRR4160788'],GLGYEIK,19
decoy_HPRR4290913,1,0,1,1,0.00025172,decoy_HPRR4290913,[],['decoy_HPRR4290913'],n[42.0106]RPSGVGGAWM[15.9949]R,20
decoy_HPRR4290916,1,0,1,1,0.01860914,decoy_HPRR4290916,[],['decoy_HPRR4290916'],RQSNKEVNAYK,21
decoy_HPRR4290982,1,0,1,1,0.10666817,decoy_HPRR4290982,[],['decoy_HPRR4290982'],IDIQEQR,22
decoy_HPRR4310027,1,0,1,1,0.1111426,decoy_HPRR4310027,[],['decoy_HPRR4310027'],LIQDVR,23
decoy_HPRR4320078,2,0,2,2,0.17622555,decoy_HPRR4320078,[],['decoy_HPRR4320078'],QELSLIR TVNTIKWLFTGDFSAEEM[15.9949]LR,24
decoy_HPRR4320083,1,0,1,1,0.09849531,decoy_HPRR4320083,[],['decoy_HPRR4320083'],SPPFLAQNLRVLNALSLM[15.9949]IDQ[-17.0265]K,25
decoy_HPRR4320177,1,0,1,1,0.01619534,decoy_HPRR4320177,[],['decoy_HPRR4320177'],EELLGLDGIATM[15.9949]LTGVAADLEM[15.9949]LSDGFPGT,26
decoy_HPRR4320185,1,0,1,1,0.02687424,decoy_HPRR4320185,[],['decoy_HPRR4320185'],YAPPIQQTGYHTLNFNSEQNK,27
decoy_HPRR4320214,2,0,2,2,0.1355367,decoy_HPRR4320214,[],['decoy_HPRR4320214'],RTTEGHLQVYLTPPR TTEGHLQVYLTPPR,28
decoy_HPRR4320239,1,0,1,1,0.04621205,decoy_HPRR4320239,[],['decoy_HPRR4320239'],ISESDLGLAKESDELAR,29
decoy_HPRR4320260,1,0,1,1,0.11408661,decoy_HPRR4320260,[],['decoy_HPRR4320260'],LDLSEM[15.9949]PKNQ[-17.0265]K,30
decoy_HPRR4320268,1,0,1,1,0.00591741,decoy_HPRR4320268,[],['decoy_HPRR4320268'],YLHRMLCSTGVDGKR,31
decoy_HPRR4320277,1,0,1,1,0.08036473,decoy_HPRR4320277,[],['decoy_HPRR4320277'],IITQLER,32
decoy_HPRR4320306,1,0,1,1,0.0002698,decoy_HPRR4320306,[],['decoy_HPRR4320306'],RAEAREAYLMLQSFCGWFPR,33
decoy_HPRR4320334,1,0,1,1,0.02148212,decoy_HPRR4320334,[],['decoy_HPRR4320334'],SLVSPAFTLFSDSK,34
decoy_HPRR4320392,1,0,1,1,0.00057935,decoy_HPRR4320392,[],['decoy_HPRR4320392'],LHVYDYEEAM[15.9949]PIGEYENHHGAPDDEMEK,35
decoy_HPRR4320393,1,0,1,1,0.04403359,decoy_HPRR4320393,[],['decoy_HPRR4320393'],NLCANILLSPDRAEK,36
decoy_HPRR4320398,1,0,1,1,0.03604835,decoy_HPRR4320398,[],['decoy_HPRR4320398'],APCQEVLVGGVLQCCYGLVRILRDR,37
decoy_HPRR4320418,1,0,1,1,0.03146096,decoy_HPRR4320418,[],['decoy_HPRR4320418'],LSTLDVAASCAIFR,38
decoy_HPRR4320469,1,0,1,1,0.03879452,decoy_HPRR4320469,[],['decoy_HPRR4320469'],WSQPHLLAPEEVTEECSLWM[15.9949]GSK,39
decoy_HPRR4320474,1,0,1,1,0.00580424,decoy_HPRR4320474,[],['decoy_HPRR4320474'],GLTTIPQLSSRPFHM[15.9949]K,40
decoy_HPRR4320547,2,0,2,2,0.13362428,decoy_HPRR4320547,[],['decoy_HPRR4320547'],LSASSIQRQLGAPLGSYLKM[15.9949]R LSASSIQ[-17.0265]R,41
decoy_HPRR4320568,1,0,1,1,0.01178668,decoy_HPRR4320568,[],['decoy_HPRR4320568'],YSVEDTLLQCTEEQIQAIGMSR,42
decoy_HPRR4320686,1,0,1,1,0.03999654,decoy_HPRR4320686,[],['decoy_HPRR4320686'],LADFLR,43
decoy_HPRR4340010,1,0,1,1,0.0037769,decoy_HPRR4340010,[],['decoy_HPRR4340010'],TPTASSGLEQAKEGNISTM[15.9949]K,44
decoy_HPRR4340016,2,0,2,2,0.05987873,decoy_HPRR4340016,[],['decoy_HPRR4340016'],n[42.0106]LELSLGADGWLLMSAAEFLLSGEGKCVLPLM[15.9949]NRPADR n[42.0106]LELSLGADGWLLM[15.9949]SAAEFLLSGEGKCVLPLMNRPADR,45
decoy_HPRR4340075,1,0,1,1,0.02211946,decoy_HPRR4340075,[],['decoy_HPRR4340075'],ALAQETLLISK,46
decoy_HPRR4340085,1,0,1,1,0.0961781,decoy_HPRR4340085,[],['decoy_HPRR4340085'],AIEVELTKVKQNLM[15.9949]FLLADCSK,47
decoy_HPRR4350096,1,0,1,1,0.07498928,decoy_HPRR4350096,[],['decoy_HPRR4350096'],MAKNLK,48
decoy_HPRR640048,1,0,1,1,0.00577471,decoy_HPRR640048,[],['decoy_HPRR640048'],GGSDAPPKYNWVSGDEGK,49
decoy_HPRR650006,1,0,1,1,0.1535614,decoy_HPRR650006,[],['decoy_HPRR650006'],NIAAEIAIM[15.9949]EQEYM[15.9949]KR,50
