sequence,unique,razor,unique_evidence,q-value,score,major,protein_score,all_proteins
n[42.0106]LELSLGADGWLLMSAAEFLLSGEGKCVLPLM[15.9949]NRPADR,True,True,True,0.0055662842,0.03145534,decoy_HPRR4340016,0.05987873,['decoy_HPRR4340016']
n[42.0106]LELSLGADGWLLM[15.9949]SAAEFLLSGEGKCVLPLMNRPADR,True,True,True,0.0060111149,0.02842339,decoy_HPRR4340016,0.05987873,['decoy_HPRR4340016']
GLTTIPQLSSRPFHM[15.9949]K,True,True,True,0.008730691700000001,0.00580424,decoy_HPRR4320474,0.00580424,['decoy_HPRR4320474']
LAEIFSLI,True,True,True,0.004233894,0.04223945,decoy_HPRR3760711,0.10715007,['decoy_HPRR3760711']
LAEIFSLKKEQEQTII,True,True,True,0.0032554354,0.06491062,decoy_HPRR3760711,0.10715007,['decoy_HPRR3760711']
LLM[15.9949]QIR,False,True,False,0.0044571429,0.04098526,decoy_HPRR2260008,0.04098526,['decoy_HPRR2260008']
TVTPDQTYTYILGPSSINAR,True,True,True,0.009150764399999999,0.00348081,decoy_HPRR4030177,0.00348081,['decoy_HPRR4030177']
RTTEGHLQVYLTPPR,True,True,True,0.0093718621,0.00156312,decoy_HPRR4320214,0.1355367,['decoy_HPRR4320214']
TTEGHLQVYLTPPR,True,True,True,0.00060938452,0.13397358,decoy_HPRR4320214,0.1355367,['decoy_HPRR4320214']
LADFLR,True,True,True,0.0045677744,0.03999654,decoy_HPRR4320686,0.03999654,['decoy_HPRR4320686']
NIAAEIAIM[15.9949]EQEYM[15.9949]KR,True,True,True,0.00037005057,0.1535614,decoy_HPRR650006,0.1535614,['decoy_HPRR650006']
SLVSPAFTLFSDSK,True,True,True,0.0070072332999999995,0.02148212,decoy_HPRR4320334,0.02148212,['decoy_HPRR4320334']
LSASSIQRQLGAPLGSYLKM[15.9949]R,True,True,True,0.0051241175,0.03415964,decoy_HPRR4320547,0.13362428,['decoy_HPRR4320547']
LSASSIQ[-17.0265]R,True,True,True,0.0016658734,0.09946464,decoy_HPRR4320547,0.13362428,['decoy_HPRR4320547']
LSTLDVAASCAIFR,True,True,True,0.0054533061,0.03146096,decoy_HPRR4320418,0.03146096,['decoy_HPRR4320418']
RSLDGLLR,False,True,False,0.006784260500000001,0.02238587,decoy_HPRR1950528,0.02238587,['decoy_HPRR1950528']
AAIYPRPVELQ[-17.0265]R,False,True,False,0.0075578116,0.01773148,decoy_HPRR1920021,0.01773148,['decoy_HPRR1920021']
LHVYDYEEAM[15.9949]PIGEYENHHGAPDDEMEK,True,True,True,0.0097033237,0.00057935,decoy_HPRR4320392,0.00057935,['decoy_HPRR4320392']
WSQPHLLAPEEVTEECSLWM[15.9949]GSK,True,True,True,0.004678763,0.03879452,decoy_HPRR4320469,0.03879452,['decoy_HPRR4320469']
NLCANILLSPDRAEK,True,True,True,0.0041222947,0.04403359,decoy_HPRR4320393,0.04403359,['decoy_HPRR4320393']
YISYLWEWRAPAR,True,True,True,0.0065647991,0.02557829,decoy_HPRR3020476,0.02557829,['decoy_HPRR3020476']
IDIQEQR,True,True,True,0.0014294223000000002,0.10666817,decoy_HPRR4290982,0.10666817,['decoy_HPRR4290982']
FLSPQHWSDGATRLPGNNFFGDR,True,True,True,0.0083958357,0.00736871,decoy_HPRR3950217,0.00736871,['decoy_HPRR3950217']
TPTASSGLEQAKEGNISTM[15.9949]K,True,True,True,0.009053314,0.0037769,decoy_HPRR4340010,0.0037769,['decoy_HPRR4340010']
YAPPIQQTGYHTLNFNSEQNK,True,True,True,0.0064574601,0.02687424,decoy_HPRR4320185,0.02687424,['decoy_HPRR4320185']
RQSNKEVNAYK,True,True,True,0.0072210313,0.01860914,decoy_HPRR4290916,0.01860914,['decoy_HPRR4290916']
EEQEKNKQLEHQFQNLQ,True,True,True,0.001315003,0.10916815,decoy_HPRR2501480,0.10916815,['decoy_HPRR2501480']
IITQLER,True,True,True,0.0023460410999999997,0.08036473,decoy_HPRR4320277,0.08036473,['decoy_HPRR4320277']
EELLGLDGIATM[15.9949]LTGVAADLEM[15.9949]LSDGFPGT,True,True,True,0.007868705,0.01619534,decoy_HPRR4320177,0.01619534,['decoy_HPRR4320177']
IAYLTDFKQSLEEKVQHSNEL,True,True,True,0.0085068278,0.00602131,decoy_HPRR2551184,0.00602131,['decoy_HPRR2551184']
YSVEDTLLQCTEEQIQAIGMSR,True,True,True,0.0080844375,0.01178668,decoy_HPRR4320568,0.01178668,['decoy_HPRR4320568']
GGSDAPPKYNWVSGDEGK,True,True,True,0.008836689,0.00577471,decoy_HPRR640048,0.00577471,['decoy_HPRR640048']
LLTVPNK,True,True,True,0.0066719439,0.02436872,decoy_HPRR3690184,0.02436872,['decoy_HPRR3690184']
SDEMYVLDGSRPALGKTLSGQP,True,True,True,0.008287602199999999,0.01042332,decoy_HPRR4030303,0.01042332,['decoy_HPRR4030303']
APCQEVLVGGVLQCCYGLVRILRDR,True,True,True,0.0048986102,0.03604835,decoy_HPRR4320398,0.03604835,['decoy_HPRR4320398']
SPPFLAQNLRVLNALSLM[15.9949]IDQ[-17.0265]K,True,True,True,0.0017818959,0.09849531,decoy_HPRR4320083,0.09849531,['decoy_HPRR4320083']
QELSLIR,True,True,True,0.00048822165,0.14745747,decoy_HPRR4320078,0.17622555,['decoy_HPRR4320078']
TVNTIKWLFTGDFSAEEM[15.9949]LR,True,True,True,0.005899035699999999,0.02876808,decoy_HPRR4320078,0.17622555,['decoy_HPRR4320078']
n[42.0106]RPSGVGGAWM[15.9949]R,True,True,True,0.009921962099999999,0.00025172,decoy_HPRR4290913,0.00025172,['decoy_HPRR4290913']
LPAPKPRPIKT,True,True,True,0.00024761669,0.25473803,decoy_HPRR3880239,0.35052203,['decoy_HPRR3880239']
LPAPKPRPIT,True,True,True,0.0020113583,0.095784,decoy_HPRR3880239,0.35052203,['decoy_HPRR3880239']
LIQDVR,True,True,True,0.0011971747,0.1111426,decoy_HPRR4310027,0.1111426,['decoy_HPRR4310027']
VWQAHLLPQIINTTAREL,True,True,True,0.0052332196,0.03414538,decoy_HPRR3830190,0.03414538,['decoy_HPRR3830190']
M[15.9949]FLKFGEFDITQNLIDQK,True,True,True,0.00390625,0.04626232,decoy_HPRR3890843,0.04626232,['decoy_HPRR3890843']
RAEAREAYLMLQSFCGWFPR,True,True,True,0.0098148561,0.0002698,decoy_HPRR4320306,0.0002698,['decoy_HPRR4320306']
MAKNLK,True,True,True,0.0028024288,0.07498928,decoy_HPRR4350096,0.07498928,['decoy_HPRR4350096']
QLGLTMR,True,True,True,0.0009620009599999999,0.11597975,decoy_HPRR232384,0.11597975,['decoy_HPRR232384']
PLEFSLSAPGLGLPSASTSLGHSPPR,True,True,True,0.0035640377,0.04858352,decoy_HPRR3790889,0.04858352,['decoy_HPRR3790889']
LRECIIGVQL,True,True,True,0.0061238376,0.0278894,decoy_HPRR2551682,0.0278894,['decoy_HPRR2551682']
YLHRMLCSTGVDGKR,True,True,True,0.0086187598,0.00591741,decoy_HPRR4320268,0.00591741,['decoy_HPRR4320268']
LVPVPFK,False,True,False,0.005673437,0.03116684,decoy_HPRR2810004,0.03116684,['decoy_HPRR2810004']
AIEVELTKVKQNLM[15.9949]FLLADCSK,True,True,True,0.0019002375,0.0961781,decoy_HPRR4340085,0.0961781,['decoy_HPRR4340085']
GLGYEIK,True,True,True,0.00072490033,0.1322285,decoy_HPRR4160788,0.1322285,['decoy_HPRR4160788']
ISESDLGLAKESDELAR,True,True,True,0.0040160643,0.04621205,decoy_HPRR4320239,0.04621205,['decoy_HPRR4320239']
ALAQETLLISK,True,True,True,0.006895772099999999,0.02211946,decoy_HPRR4340075,0.02211946,['decoy_HPRR4340075']
LDLSEM[15.9949]PKNQ[-17.0265]K,True,True,True,0.0010793955,0.11408661,decoy_HPRR4320260,0.11408661,['decoy_HPRR4320260']
IEQLIH,True,True,True,0.0008428657400000001,0.12070936,decoy_HPRR1952500,0.12070936,['decoy_HPRR1952500']
