ProteinId,unique,non_unique,razor,total_peptides,score,Group,indistinguishable,subset,peptideIds,ProteinGroupId,FDR,q-value
HPRR1010001,9,7,9,16,9.90273922,HPRR1010001,[],['HPRR1010001'],CKVTGWGATDPDSLRPSDTLR CKVTGWGATDPDSLRPSDTLREVTVTVLSR EVTVTVLSR EVTVTVLSRK FIPFSR FTKGQSPTVVLGAHSLSK FTKGQSPTVVLGAHSLSKNEASK GQSPTVVLGAHSLSK KFIPFSR KLCNSQSYYNG Q[-17.0265]TLEIKK VTGWGATDPDSLRPSDTLR VTGWGATDPDSLRPSDTLREVTVTVLSR VTGWGATDPDSLRPSDTLREVTVTVLSRK VTSDPQSNDIMLVK VTSDPQSNDIM[15.9949]LVK,0,0.0,0.0
HPRR1310038,1,1,1,2,0.70458668,HPRR1310038,[],['HPRR1310038'],DGCYHLETSTHHFLSHVDR GEEWFILQHCPTWVSLR,2,0.0,0.0
HPRR1320009,2,5,7,7,5.532788350000001,HPRR1320009,[],"['HPRR1320009', 'HPRR4320595']",CLGATAQQFHR EANQSTLENFLER LDRNLWGLAGLNSCPVK LDRNLWGLAGLNSCPVKEANQSTLENFLER NLWGLAGLNSCPVK NLWGLAGLNSCPVKEANQSTLENFLER Q[-17.0265]FYSHHEKDTR,3,0.0,0.0
HPRR1370013,7,3,7,10,2.9416491099999997,HPRR1370013,[],['HPRR1370013'],AMLLTSYLPPPLLR EAELSLLLHNVV GTHPAIHDILALR LGIGQLTAQEVK LKTHTTVIHQLDK THTTVIHQLDK TWLGEWLQISCSLK VIPLISDAGLR VIPLISDAGLRWR WRLTDLCTK,4,0.0,0.0
HPRR140662,7,4,7,11,8.361832510000001,HPRR140662,[],['HPRR140662'],AEVTEEFKDPSDR AEVTEEFKDPSDRVMK AEVTEEFKDPSDRVM[15.9949]K AFSVVIQASK ALSLIKDDFFDNIK ALSLIKDDFFDNIKNIVLEHQQWHK LITSDVLEEMLNVHDHYQNMK NIVLEHQQWHKDR NIVLEHQQWHKDRK QVKLDSSDSDSASGQ SKAFSVVIQASK,6,0.0,0.0
HPRR1410031,9,1,9,10,5.74513513,HPRR1410031,[],['HPRR1410031'],FINSPPGQYK GLVPSFLR GTTPNLMR LGSWNVIMFVCFEQLKR NNILADDVPCHLVSALIAGFCATAMSSPVDVVK NNILADDVPCHLVSALIAGFCATAM[15.9949]SSPVDVVK SVIINCTELVTYDLMK SVIINCTELVTYDLMKEAFVK TRFINSPPGQYK VFTNEGPTAFFK,8,0.0,0.0
HPRR1410063,1,2,1,3,1.30153251,HPRR1410063,[],['HPRR1410063'],CSSTLVTHSKGYENGTNR GSIHPNHVVILPGDGGSGTAAISFTGA Q[-17.0265]ILKSEK,9,0.0,0.0
HPRR1440139,3,5,3,8,1.20881678,HPRR1440139,[],['HPRR1440139'],GFFFFSR GSKQFEYDIK KTYFFVGIWCWR QFEYDIK Q[-17.0265]FEYDIKTK TNTWFQCK TNTWFQCKEPK VDAAFQYK,10,0.0,0.0
HPRR1450059,5,1,5,6,5.785210449999999,HPRR1450059,[],['HPRR1450059'],DDPGKGSYWTIDTCPDISR DDPGKGSYWTIDTCPDISRK ESAEGPPPLYNTNHDFK FSYSEINFQDLSWSF HPPDDDLSQDSPEQEASKSPR RHPPDDDLSQDSPEQEASKSPR,11,0.0,0.0
HPRR1450073,7,1,7,8,5.680879699999999,HPRR1450073,[],['HPRR1450073'],HGGSHQSSKWTPVGPAPSTSQSQKR LVAIPKPTVPPSADEK LVAIPKPTVPPSADEKSNPNFFEQR SNPNFFEQR SSSPGKPQAVSSLNSSHSR TSAGSSSGTNSSGQRHDRESYNNSGSSSR WTPVGPAPSTSQSQK WTPVGPAPSTSQSQKR,12,0.0,0.0
HPRR1450141,4,2,4,6,5.678787129999999,HPRR1450141,[],['HPRR1450141'],APEETPPATEKAEHSELKSPWQAAGICPLNPFLVPLELLGR IYKYLSSVSR LTAPQPIPAGGSLGPAAEGDGAGSK LTAPQPIPAGGSLGPAAEGDGAGSKAPEETPPATEK SPWQAAGICPLNPFLVPLELLGR YLSSVSR,13,0.0,0.0
HPRR1450208,1,4,2,5,2.6783690399999998,HPRR1450208,[],"['HPRR1450208', 'HPRR4320489']",ASQSETSVCSGSLDGVEYSQRK EAITLSDLLR FVEEDHIPYINAFQHFPEQMK FVEEDHIPYINAFQHFPEQMKLYGR KPTVLEDNLSHSDWASEPELLSDVSCPPFLESGAESQSDIHTR,14,0.0,0.0
HPRR1450215,1,1,1,2,1.06372979,HPRR1450215,[],['HPRR1450215'],DSDSLAESEFESAAFSQGSR RDPKEDVFQQNHLFWLQNSSPSSDR,15,0.0,0.0
HPRR1450319,7,0,7,7,5.07287236,HPRR1450319,[],['HPRR1450319'],FRSVLQLR NRCNSADLVNMH RTQEQLANQGIIPPLKRPAEFHEQR SVLQLR TQEQLANQGIIPPLK TQEQLANQGIIPPLKRPAEFHEQR TQEQLANQGIIPPLKRPAEFHEQRK,16,0.0,0.0
HPRR1450358,11,2,11,13,8.878637560000001,HPRR1450358,[],['HPRR1450358'],AKGNLSLLEQAIALQAER ELDRFLLEHLAGER ELDRFLLEHLAGERR ETKCPIPGCDGTG FLLEHLAGER FLLEHLAGERR GCVFHNTYK GCVFHNTYKELDR GCVFHNTYKELDRFLLEHLAGER GNLSLLEQAIALQAER Q[-17.0265]IFNNKHSPRPEKR TEGDKFIPCENR TEGDKFIPCENRCDSETER,17,0.0,0.0
HPRR1450363,2,6,2,8,1.0503364400000001,HPRR1450363,[],['HPRR1450363'],DPYCHPVCANR EAFFHQELPLYIPPPIFSR FSTSSLLLR LDAPVDYFYRP LELYFRPK LELYFRPKDPYCHPVCANR RLELYFRPK RLELYFRPKDPYCHPVCANR,18,0.0,0.0
HPRR1450675,3,5,3,8,5.28181888,HPRR1450675,[],['HPRR1450675'],EQILELLVLEQFLS LTVKQEPANQTWGQGSSLQK LTVKQEPANQTWGQGSSLQKNYPPVCEIFR NYPPVCEIFR QEPANQTWGQGSSLQK QLCYHEM[15.9949]SGPQEALSR Q[-17.0265]EPANQTWGQGSSLQK WWLMPEVHTK,19,0.0,0.0
HPRR1460001,7,2,7,9,4.31341635,HPRR1460001,[],['HPRR1460001'],AADFIDQALAQK AADFIDQALAQKNGR ANDTQEFNLSAYFER DSGITYLGIK IYVGNASVAQDIPK IYVGNASVAQDIPKLQK LGITHVLNAAEGR SALSIVR SALSIVRQNR,20,0.0,0.0
HPRR1470130,1,1,1,2,0.4410355,HPRR1470130,[],['HPRR1470130'],LGPFLLNAVR NPGVSPLAR,21,0.0,0.0
HPRR1710003,7,0,7,7,5.394623729999999,HPRR1710003,[],['HPRR1710003'],ALGISISLEQAEK ALGISISLEQAEKILHSMDR DHFLLHSL LGGGNPDPGAQQGISSEGDADPDGGLDLEEFSR LLLMFHSLDR LLLMFHSLDRNQDGHIDVSEIQQSFR NQDGHIDVSEIQQSFR,22,0.0,0.0
HPRR1840184,5,1,5,6,4.7035678700000005,HPRR1840184,[],['HPRR1840184'],ALESVPVMMLPDPK GVLQQIPTER HLSETSTLKEEENEVKSTLEHLGITEEHIR SSITGVYR STLEHLGITEEHIR STLEHLGITEEHIRNNQGR,23,0.0,0.0
HPRR1850008,10,0,10,10,6.2733823,HPRR1850008,[],['HPRR1850008'],EAQNSHVYWWR FERPDGSHFDVR GRGVVGREPVLSK GVVGREPVLSK IFSLSGTLETVR IFSLSGTLETVRGR IPPFSLESNKDE LENLDSDVVQLRER YCIRLENLDSDVVQLR YCIRLENLDSDVVQLRER,24,0.0,0.0
HPRR1900002,6,6,6,12,11.71939661,HPRR1900002,[],['HPRR1900002'],ACTSGDLPGCSCGPVPGEPPGPGNR ACTSGDLPGCSCGPVPGEPPGPGNRWGGCADNLSYGLLMGAK AFADM[15.9949]RWNCSSIELAPNYLLDLER ESAFVYALSAAAISHAIAR GTRESAFVYALSAAAISHAIAR RAFADM[15.9949]RWNCSSIELAPNYLLDLER SNLELMHTVVHAAR SNLELM[15.9949]HTVVHAAR WGGCADNLSYGLLMGAK WGGCADNLSYGLLM[15.9949]GAK WNCSSIELAPNYLLDLER WNCSSIELAPNYLLDLERGTR,25,0.0,0.0
HPRR1920021,3,2,3,5,2.78058704,HPRR1920021,[],['HPRR1920021'],GGQFLTPLGSPEDMDLEELIQDISR GGQFLTPLGSPEDM[15.9949]DLEELIQDISR QLEVPRPYIAAR QLEVPRPYIAARF Q[-17.0265]LEVPRPYIAAR,26,0.0,0.0
HPRR1950075,4,2,4,6,3.1414823000000003,HPRR1950075,[],['HPRR1950075'],ILDPFIIR KPALNLIYKPYQIR SPLHYYGNATM[15.9949]SLM[15.9949]NK TAAYELLHFPK TAAYELLHFPKVFPK YNFSDLK,27,0.0,0.0
HPRR1950229,2,1,2,3,1.10631933,HPRR1950229,[],['HPRR1950229'],QGAESDQAEPIICSSGAEAPANSLPSK VSASTVPTDGSSR VSASTVPTDGSSRNEETPAAPTP,28,0.0,0.0
HPRR1950268,7,4,7,11,8.53972225,HPRR1950268,[],['HPRR1950268'],DLVSSQTQTQSCVPPTAGAR EASALVCIR FTIWDDPDAGFFTVTMTDLREEDSGHYWCR FTIWDDPDAGFFTVTM[15.9949]TDLREEDSGHYWCR FYLVVSPASASTQTSWTPR GWCKEASALVCIR IYRPSDNSVSK KGWCKEASALVCIR QAPESPSTIPVPSQPQNSTLR Q[-17.0265]APESPSTIPVPSQPQNSTLR TMAWTSR,29,0.0,0.0
HPRR1950303,3,4,7,7,6.12529233,HPRR1950303,[],"['HPRR1950303', 'HPRR4320390']",ADLYIHVTYIK ALGGHM[15.9949]TTLSGEEISYTGSDGIEGGLLASIR KWDICAGNAILK QVALQTFGNQTTIIPAGGAGYK Q[-17.0265]VALQTFGNQTTIIPAGGAGYK VLALLDVPDKSQEKADLYIHVTYIK WDICAGNAILK,30,0.0,0.0
HPRR1950385,13,4,13,17,11.886662770000003,HPRR1950385,[],['HPRR1950385'],EVGAEEEANGDRLPGGR EVGAEEEANGDRLPGGRGDQAWDVGPVR GDQAWDVGPVR HEDGYAAVWK KVKQYELTQLVPGR LVAFNKHEDGYAAVWK MESLVVSWQPPPHPTQISGYK QYELTQLVPGR QYELTQLVPGRLYEVK Q[-17.0265]YELTQLVPGR Q[-17.0265]YELTQLVPGRLYEVK TPSMHNQSHVPFAPAELK TPSMHNQSHVPFAPAELKVQAK TPSM[15.9949]HNQSHVPFAPAELK TPSM[15.9949]HNQSHVPFAPAELKVQAK VKQYELTQLVPGR VKQYELTQLVPGRLYEVK,31,0.0,0.0
HPRR1950515,18,4,18,22,15.424429610000002,HPRR1950515,[],['HPRR1950515'],AHPVFYQGTYSQALNDAKR AHPVFYQGTYSQALNDAKRELR FIRPDPR FLLVYLHGDDHQDSDEFCR FLLVYLHGDDHQDSDEFCRNTLCAPEVISLINTR LEGLIQPDDLINQL MLFWACSTNKPEGYR M[15.9949]LFWACSTNKPEGYR M[15.9949]TVVGRLEGLIQPDDLINQL NTLCAPEVISLINTR RMTVVGRLEGLIQPDDLINQL SRVTDPVGDIVSFMHSFEEK SRVTDPVGDIVSFMHSFEEKYGR SRVTDPVGDIVSFM[15.9949]HSFEEK SRVTDPVGDIVSFM[15.9949]HSFEEKYGR VSQALRENTYPFLAMIMLK VSQALRENTYPFLAMIMLKDR VSQALRENTYPFLAMIM[15.9949]LK VSQALRENTYPFLAM[15.9949]IM[15.9949]LK VTDPVGDIVSFMHSFEEK VTDPVGDIVSFMHSFEEKYGR VTDPVGDIVSFM[15.9949]HSFEEK,32,0.0,0.0
HPRR1950528,5,6,5,11,7.750301929999998,HPRR1950528,[],['HPRR1950528'],DVSLTIENTAVSDSGVYCCR GSCSLFTCQNGIVWTNGTHVTYR GSCSLFTCQNGIVWTNGTHVTYRK ITVSLEIVPPK ITVSLEIVPPKVTTTPIVTTVPTVTTVR LLGDLSR LLGDLSRR RDVSLTIENTAVSDSGVYCCR VTTTPIVTTVPTVTTVR YKLLGDLSR YKLLGDLSRR,33,0.0,0.0
HPRR1950679,14,5,14,19,18.56992665,HPRR1950679,[],['HPRR1950679'],DTEKVVWLFNTSIISK EEAATADPLIK EEAATADPLIKS EPHASESNGGSILTVSR EREEAATADPLIK EREEAATADPLIKS GGTTGETVVGVLGEPVTLPLALPACR GGTTGETVVGVLGEPVTLPLALPACRDTEK SSLPVHVGQFCTDPGASR SSLPVHVGQFCTDPGASRGGTTGETVVGVLGEPVTLPLALPACR SSLPVHVGQFCTDPGASRGGTTGETVVGVLGEPVTLPLALPACRDTEK SVLYSWTPR SVLYSWTPREPHASESNGGSILTVSR TPCDPDLPYICTAQNPVSQR VSENFSCNITLMCSVK VSENFSCNITLM[15.9949]CSVK VVWLFNTSIISK VVWLFNTSIISKER VVWLFNTSIISKEREEAATADPLIK,34,0.0,0.0
HPRR1951262,12,2,14,14,8.54867816,HPRR1951262,[],"['HPRR1951262', 'HPRR4030233']",DAISIFHYAK DGSIVIHNLDYSDNGTFTCDVK GQPYIDEVGTFK GQPYIDEVGTFKER IQWVGDPR NPPDIVGK TSQVTLYVFEK TSQVTLYVFEKVPTR TSQVTLYVFEKVPTRYGVV VPTRYGVV VTLHCSFWSSEWVSDDISFTWR WKDGSIVIHNLDYSDNGTFTCDVK WKDGSIVIHNLDYSDNGTFTCDVKNPPDIVGK YQPEGGRDAISIFHYAK,35,0.0,0.0
HPRR1951263,5,5,5,10,2.65104773,HPRR1951263,[],['HPRR1951263'],CTCDDSPGLESR FLSNFLGSK LRYDSAVK QAWQWGVCGDNLK QLSPFR QLSPFRETGQVLK QLSPFRETGQVLKLR Q[-17.0265]AWQWGVCGDNLK Q[-17.0265]LSPFRETGQVLKLR YDSAVKVSSA,36,0.0,0.0
HPRR1951347,11,1,11,12,8.34802376,HPRR1951347,[],['HPRR1951347'],DRLHAAEQESLKR EFLALR EFLALRDR ESSLQPAVR EVHSYLTDTLHSLISELSPQEK EVHSYLTDTLHSLISELSPQEKE HVLHLPTVFHHLPHLLAK QALRDGDGNRTWGR REVHSYLTDTLHSLISELSPQEKE SKELNLVLDEIKR TGVSVVMGIPSVR TGVSVVMGIPSVRR,37,0.0,0.0
HPRR1951371,7,1,7,8,4.8337686799999995,HPRR1951371,[],['HPRR1951371'],EEAGADAFPEHR FDYIGEGTPGPAREEAGADAFPEHR FLELESPGLSK GHGCGQEALSTSHGYHLFCALLTGFLFASHLPER LAPGRFDYIGEGTPGPAR LAPGRFDYIGEGTPGPAREEAGADAFPEHR LGLCWGR TGAFAYPFLFDNLPLFYR,38,0.0,0.0
HPRR1951431,15,6,15,21,16.285134609999997,HPRR1951431,[],['HPRR1951431'],FKVPQQILQGLVDVR FKVPQQILQGLVDVRIPHNNFYR IKVPTQIIWGK IKVPTQIIWGKQDQVLDVSGADMLAK IKVPTQIIWGKQDQVLDVSGADM[15.9949]LAK IPHNNFYR IPHNNFYRK KLFLEIVSEK KLFLEIVSEKSR LFLEIVSEK LFLEIVSEKSR QDQVLDVSGADMLAK QDQVLDVSGADM[15.9949]LAK SIANCQVELLENCGHSVVMERPR SIANCQVELLENCGHSVVMERPRK SIANCQVELLENCGHSVVM[15.9949]ERPR SIANCQVELLENCGHSVVM[15.9949]ERPRK VPQQILQGLVDVR VPTQIIWGK VPTQIIWGKQDQVLDVSGADMLAK VPTQIIWGKQDQVLDVSGADM[15.9949]LAK,40,0.0,0.0
HPRR1951583,6,1,6,7,6.2332148300000005,HPRR1951583,[],['HPRR1951583'],HPEYNRPLLANDLMLIK HPEYNRPLLANDLMLIKLDESVSESDTIR HPEYNRPLLANDLM[15.9949]LIKLDESVSESDTIR LDESVSESDTIR MPTVLQCVNVSVV M[15.9949]PTVLQCVNVSVV SISIASQCPTAGNSCLVSGWGLLANGR,41,0.0,0.0
HPRR1951645,8,3,8,11,7.754181989999999,HPRR1951645,[],['HPRR1951645'],DGPFGFSPIIGR FCGQQNPPVIK FDHIEVR FFADGELESMGFSAR FLWIK HAEGGIFTSPNYPSKYPPDRECIYIIEAAPR QCIELYFDEK QCIELYFDEKYSIEPSWECKFDHIEVR Q[-17.0265]CIELYFDEKYSIEPSWECKFDHIEVR YSIEPSWECKFDHIEVR YSIEPSWECKFDHIEVRDGPFGFSPIIGR,42,0.0,0.0
HPRR1951653,1,5,1,6,0.35769583,HPRR1951653,[],['HPRR1951653'],QLLNAITHPEIR QLLNAITHPEIRK Q[-17.0265]LLNAITHPEIRK RQLLNAITHPEIR RQLLNAITHPEIRK VLGDLIFNQPDRR,43,0.0,0.0
HPRR1951747,3,2,3,5,3.94780466,HPRR1951747,[],['HPRR1951747'],AGPCEQAGSPCRNGGQCQDDQGFALNFTCR CDPGWEGLHCER CLVGFVGAR KAGPCEQAGSPCRNGGQCQDDQGFALNFTCR NGGQCQDDQGFALNFTCR,44,0.0,0.0
HPRR1951788,1,7,8,8,4.130151199999999,HPRR1951788,[],"['HPRR1951788', 'HPRR4220485']",KLGIHPFQNSGFNHWK LGIHPFQNSGFNHWK MAYSLCR M[15.9949]AYSLCR RVITVHQISPEEMHR RVITVHQISPEEM[15.9949]HR VITVHQISPEEMHR YFTGYVINGGPIRDVR,45,0.0,0.0
HPRR1951792,6,4,6,10,7.660845569999999,HPRR1951792,[],['HPRR1951792'],DISWDLTNLPQQARPPFQK DSDIQVPYGFLTVSTNPFVFEVPSK DSDIQVPYGFLTVSTNPFVFEVPSKEK EKLVCWVVSNWNPEHAR LVCWVVSNWNPEHAR RDSDIQVPYGFLTVSTNPFVFEVPSKEK SGIEHLFNLTLTYR SGIEHLFNLTLTYRR VKYYNELSK YYNELSK,46,0.0,0.0
HPRR1951798,5,2,5,7,2.8202273600000005,HPRR1951798,[],['HPRR1951798'],EMWISSFEQSKK NQNFSSQEFWGLVFKD RWEAEDTHLSCPEPTVFAFSPLR TPPLSSLR WEAEDTHLSCPEPTVFAFSPLR WEAEDTHLSCPEPTVFAFSPLRTPPLSSLR WLVDRNQNFSSQEFWGLVFKD,47,0.0,0.0
HPRR1951865,4,7,4,11,6.1809474799999995,HPRR1951865,[],['HPRR1951865'],KSLLPTLEK KSLLPTLEKK LWQNVLLDK SISFTSESISR SLDLNKNEYLSLDK SLDLNKNEYLSLDKSSTSDS SLLPTLEK SLLPTLEKK SSLDDSGERDEKLSK VSETESFDGNSSK VSETESFDGNSSKGGLGKEESQNEK,48,0.0,0.0
HPRR1952061,3,6,3,9,6.99755019,HPRR1952061,[],['HPRR1952061'],FSVCLFR FSVCLFRR IVACHFIKPR LEELHSQPTFFPGGLR LNIRLEELHSQPTFFPGGLR RIVACHFIKPR SEYPWDRYPPFCSGTGYVFSGDVASQVYNVSK SVPYIKLEDVFVGLCLER TLLDYW,49,0.0,0.0
HPRR1952500,7,4,7,11,6.82093888,HPRR1952500,[],['HPRR1952500'],FDGRGSGFQGLK GSGFQGLK IGKPEIK ILHIDDYELPLQLSLPK ILHIDDYELPLQLSLPKDFMDR ILHIDDYELPLQLSLPKDFM[15.9949]DR ILQEIH VPVVSLHSTDNPAK YFILESNSMLK YFILESNSMLKEAILK YFILESNSM[15.9949]LKEAILK,51,0.0,0.0
HPRR2010050,4,4,4,8,5.65325375,HPRR2010050,[],['HPRR2010050'],ASPCELCHQLIVGNSK GLATPSPSPCPVPRPLAALKPVR LHSFQEHVFK LHSFQEHVFKR RASPCELCHQLIVGNSK SGSELKCPTEVLLTPPTPLPPPSPPPTASDR SKSLENFFLR SLENFFLR,52,0.0,0.0
HPRR2050028,5,3,5,8,6.4738659400000005,HPRR2050028,[],['HPRR2050028'],GNFVPQGWVLPPLPSNDIWATAV HDWDQYLVPSDHPK LFGDPDEFPLAHLLEPFR LFGDPDEFPLAHLLEPFRQYYLQAEHSLPALIQIR QYYLQAEHSLPALIQIR Q[-17.0265]YYLQAEHSLPALIQIR SELYEAEER VMLEGEQEEERKR,53,0.0,0.0
HPRR2050032,4,3,4,7,4.948128529999999,HPRR2050032,[],['HPRR2050032'],DCAEVFK IVTATVNNSVLQK KIVTATVNNSVLQK QNSIIEELEK QNSIIEELEKK Q[-17.0265]NSIIEELEKK SGHTTNGIYTLTFPNSTEEIK,54,0.0,0.0
HPRR2050226,3,1,3,4,2.48234056,HPRR2050226,[],['HPRR2050226'],GPAVPPELDKHFLLCEACGK TLPSCWVCNQECLCSAQTLVNYG VVHCQPLDLK VVHCQPLDLKGPAVPPELDKHFLLCEACGK,55,0.0,0.0
HPRR2050313,3,2,5,5,4.06213934,HPRR2050313,[],"['HPRR2050313', 'HPRR3760567']",ALAVAVDSFGFGLEPR ASLVSSSDGSFLADAHFAR DEIFLT EADCVFIDASSPPSPR EADCVFIDASSPPSPRDEIFLT,56,0.0,0.0
HPRR2050324,13,3,13,16,8.7361527,HPRR2050324,[],['HPRR2050324'],ELAQNRLCELEKLR GYKVYGAGSSLYGGTITINAR HLAEVLER LCELEK LCELEKLR LCELEKLRQDFEEVTTQNEK LNRHLAEVLER LQELTDLLQEK LQELTDLLQEKHR LRQDFEEVTTQNEK LRQDFEEVTTQNEKLK QDFEEVTTQNEK QENMRLQELTDLLQEK TM[15.9949]SQEFSKLQSK VSVLESMIDDLQWDIDKIR VYGAGSSLYGGTITINAR,57,0.0,0.0
HPRR2090043,11,2,11,13,10.18702283,HPRR2090043,[],['HPRR2090043'],DGRYTPCSYR DPNTPIIR GTSTQGTSTHASSTQLAMVDDQR GTSTQGTSTHASSTQLAM[15.9949]VDDQR HSSIRDLSNNPMT HSSIRDLSNNPM[15.9949]T QVLQEPDFAQSLLR QVLQEPDFAQSLLRDPNTPIIR QVLQEPDFAQSLLRDPNTPIIRK Q[-17.0265]VLQEPDFAQSLLRDPNTPIIR Q[-17.0265]VLQEPDFAQSLLRDPNTPIIRK SRGTSTQGTSTHASSTQLAM[15.9949]VDDQR YTPCSYRGM[15.9949]EER,58,0.0,0.0
HPRR2110056,7,5,7,12,8.64849831,HPRR2110056,[],['HPRR2110056'],DGLVSVYPAPQYQSHR DSLEYPDGK SEPM[15.9949]QQLLDPNTLQQSVESR SPTKDSLEYPDGK SPTKDSLEYPDGKFIDLS SWGDGVAADCCETTFIEDR SWGDGVAADCCETTFIEDRSPTK SWGDGVAADCCETTFIEDRSPTKDSLEYPDGK VGASTVPASLDSSR VGASTVPASLDSSRSEPMQQLLDPNTLQQSVESR VGASTVPASLDSSRSEPM[15.9949]QQLLDPNTLQQSVESR YRPNIILYSEGVLR,59,0.0,0.0
HPRR2110077,3,9,3,12,1.48347292,HPRR2110077,[],['HPRR2110077'],AWDQCIPK FAGQDFAK FDVLVYGNAGK FHPDKDPFCPILR IGWVCDLDK IGWVCDLDKAWDQCIPK LDSVSEKSSVSPGYNFR TCRFHPDKDPFCPILR TGGVLGIK VGDVVKFAGQDFAK VGDVVKFAGQDFAKLAR YSFTRLDSVSEK,60,0.0,0.0
HPRR2110192,4,1,4,5,2.51657243,HPRR2110192,[],['HPRR2110192'],ESLAGFLLSVSATTR LRIPFPQTGTWFLALR SLCGVGPR TFLSPCVDDCGPYGQCK THNYLYAA,61,0.0,0.0
HPRR2110442,2,1,2,3,2.479717,HPRR2110442,[],['HPRR2110442'],MTHNALENINVIGQGLK SSVSPHDVQQIQADPEPEMDLESQNACAEIDGVPTHPTALNR VLQQIRVPPK,62,0.0,0.0
HPRR2110489,10,1,10,11,7.150949000000001,HPRR2110489,[],['HPRR2110489'],AFQDADVTCVFHIASYGMSGR AFQDADVTCVFHIASYGM[15.9949]SGR FIQGDIR GTDNILQVCQR GTDNILQVCQRR HLSDVEKAFQDADVTCVFHIASYGMSGR LGCALNQNGVHVILFDISSPAQTIPEGIR LVYTSTFNVIFGGQVIR NGDESLPYLPLHLHPD NLIKEVNVR NLIKEVNVRGTDNILQVCQR,63,0.0,0.0
HPRR2110498,8,3,8,11,5.964776310000001,HPRR2110498,[],['HPRR2110498'],DAVLECCVSGYPPPSF FLSQTESVTAFMGDTVLLK ILSDPGLHR LQPGDIGIYR NQQDLTPIPGDSR NQQDLTPIPGDSRVVVLPSGALQISR QLYFLQRPSNVVAIEGK QLYFLQRPSNVVAIEGKDAVLECCVSGYPPPSF Q[-17.0265]LYFLQRPSNVVAIEGK VAVAGPLR VVVLPSGALQISR,64,0.0,0.0
HPRR2150237,4,5,4,9,6.6496561100000005,HPRR2150237,[],['HPRR2150237'],ISTAEILHSR LSISSGFSGSHLESQYFER QSFHTSIFTCLSPVPSSAPSTCR Q[-17.0265]SFHTSIFTCLSPVPSSAPSTCR RISTAEILHSR RLSISSGFSGSHLESQYFER RRISTAEILHSR SQGNIISYK SQGNIISYKR,65,0.0,0.0
HPRR2150393,9,0,9,9,7.2991712,HPRR2150393,[],['HPRR2150393'],ALSDLQFVK IDAVTPTLGSSNNQLNSSLLQVYIPDYSVR MDKTPQSSDSENTKIELT M[15.9949]DKTPQSSDSENTKIELT QQYQNALMASR QQYQNALM[15.9949]ASR SDRIDAVTPTLGSSNNQLNSSLLQVYIPDYSVR SPPRPCGLNHSDSLSR TPQSSDSENTKIELT,66,0.0,0.0
HPRR2180104,6,0,6,6,4.1659639,HPRR2180104,[],['HPRR2180104'],LGPDIGISKEDD NAEESKLGPDIGISKEDD QSSINSADGYSLYR Q[-17.0265]SSINSADGYSLYR THLVPECQNSLHLSLGTSTSATPDGSHLAVDDLKNAEESK YHFNGEELLFEDTSLSTSPGTGVR,67,0.0,0.0
HPRR2200011,6,4,8,10,4.46724195,HPRR2200011,[],"['HPRR2200011', 'HPRR4310062']",AAHLCAEAALR LVKPGNQNTQVTEAWNK QHVIDGEKTIIQNPTDQQK QHVIDGEKTIIQNPTDQQKK SDQDYILK SDQDYILKEGDLVK TIIQNPTDQQK TIIQNPTDQQKK VAHSFNCTPIEGMLSHQLK VAHSFNCTPIEGM[15.9949]LSHQLK,68,0.0,0.0
HPRR2210058,5,0,5,5,3.4215676900000003,HPRR2210058,[],['HPRR2210058'],MCDSHYLESR RYIDEYRNDYTQGCEPGHR TYCPDWDDKDWDYGK TYCPDWDDKDWDYGKWR YIDEYRNDYTQGCEPGHR,70,0.0,0.0
HPRR2210116,8,1,8,9,7.9486959299999995,HPRR2210116,[],['HPRR2210116'],ASCLVQTPPGQYSGNSFK EVPAQDLR GDSNSCEHCFDEYNTNLEGWNEVPDEAYDLLDKLLDLNPASR ITAEEALLHPF KGDSNSCEHCFDEYNTNLEGWNEVPDEAYDLLDK KGDSNSCEHCFDEYNTNLEGWNEVPDEAYDLLDKLLDLNPASR LTSDIQGHASHQPAISEK LTSDIQGHASHQPAISEKTDHK TDHKASCLVQTPPGQYSGNSFK,71,0.0,0.0
HPRR2210165,5,2,7,7,5.44175012,HPRR2210165,[],"['HPRR2210165', 'HPRR4450069']",KSNTIQSDGISDSEKCSPTVSQGK SNTIQSDGISDSEK SNTIQSDGISDSEKCSPTVSQGK VEQLFQEFGNR VEQLFQEFGNRK VVPLTPEQALK VVPLTPEQALKQY,72,0.0,0.0
HPRR2250382,1,3,1,4,1.01528572,HPRR2250382,[],['HPRR2250382'],AFRKPSIFTLHK AFRKPSIFTLHKK KPSIFTLHK KTDIGEELPNCNQ,74,0.0,0.0
HPRR2250386,5,2,5,7,5.141754509999999,HPRR2250386,[],['HPRR2250386'],GEDPWVLDR GEDPWVLDRK KSQGLWSDYSDNLK KSQGLWSDYSDNLKYDHTTACTQQDSLSCPWECE SQGLWSDYSDNLK SQGLWSDYSDNLKYDHTTACTQQDSLSCPWECE YDHTTACTQQDSLSCPWECE,75,0.0,0.0
HPRR2260008,3,5,3,8,1.22399938,HPRR2260008,[],['HPRR2260008'],ARSNPQVYMDIK CLCTHEKGFGFK IQMLLR IQM[15.9949]LLR SDVVPMTAENFR SDVVPM[15.9949]TAENFR SNPQVYMDIK SNPQVYM[15.9949]DIK,76,0.0,0.0
HPRR2280170,3,7,3,10,6.105178549999999,HPRR2280170,[],['HPRR2280170'],FCHPIYFPPR FCHPIYFPPRR GFGSNSCCSLSCGSR IHTSPSQSYR RWFHSSCYQ SCSSLGCGSNGFR SRFCHPIYFPPR SRFCHPIYFPPRR YLNYR YLNYRIHTSPSQSYR,77,0.0,0.0
HPRR2300033,1,2,1,3,0.41162618,HPRR2300033,[],['HPRR2300033'],GGPSDHEATAWILINPLR GGPSDHEATAWILINPLRK SFHFPAPD,78,0.0,0.0
HPRR230870,0,2,2,2,1.83808405,HPRR230870,['HPRR4200118'],['HPRR230870'],MDSNFGLAGLPGSPK M[15.9949]DSNFGLAGLPGSPK,79,0.0,0.0
HPRR230897,5,1,5,6,4.73518822,HPRR230897,[],['HPRR230897'],DFVAAIISIPTPPANTPDESQPSSPGGGGR GSMQELDMLAGLRR GSM[15.9949]QELDM[15.9949]LAGLRR LANSTASVSR SSLNAKPHDSLDLNCDSR SSLNAKPHDSLDLNCDSRDFVAAIISIPTPPANTPDESQPSSPGGGGR,80,0.0,0.0
HPRR2310049,5,4,5,9,2.68132268,HPRR2310049,[],['HPRR2310049'],DEVWEER DEVWEERKPYK KDEVWEER KDEVWEERKPYK KSQTLQFDEQTLKK QWIEPR RKQWIEPR SQTLQFDEQTLK SQTLQFDEQTLKK,81,0.0,0.0
HPRR2310052,5,5,5,10,7.554320819999999,HPRR2310052,[],['HPRR2310052'],AALSIER AALSIERR AKENEEFLIGFNITSK KAKENEEFLIGFNITSK LPFPEPYILVYANDAAISEPESVVSSLQGHR NFPTGTVPK NFPTGTVPKWDSHIR RLPFPEPYILVYANDAAISEPESVVSSLQGHR RRLPFPEPYILVYANDAAISEPESVVSSLQGHR WDSHIR,82,0.0,0.0
HPRR231541,2,1,2,3,1.32999405,HPRR231541,[],['HPRR231541'],ATDWEATNEAI NIHYNSVVNPNK TSEESWIEQQMLEDKKR,83,0.0,0.0
HPRR231756,4,1,4,5,2.5524825799999995,HPRR231756,[],['HPRR231756'],APAEFPSAK HAQEKYDEFDLVLHK LDRHAQEKYDEFDLVLHK YDEFDLVLHK YLQAEEYSIR,84,0.0,0.0
HPRR231837,5,2,5,7,4.556470490000001,HPRR231837,[],['HPRR231837'],CGRPPKYNASCSVPEK CTDLAPLSQK CTDLAPLSQKFHK FDSCENSLK FDSCENSLKSNSDLLNYNR FHKFDSCENSLKSNSDLLNYNR SNSDLLNYNR,85,0.0,0.0
HPRR2320042,5,1,6,6,5.28355943,HPRR2320042,[],"['HPRR2320042', 'HPRR3890141']",ASLDSAGGSGSSPILLPTPVVGGPR LATKLSSSLGR LELYGACVEEEGALTGGPKR LSSSLGR VRASLDSAGGSGSSPILLPTPVVGGPR YHLLAHTTLTLAAVQDGFR,86,0.0,0.0
HPRR2320218,4,3,4,7,3.8384468999999997,HPRR2320218,[],['HPRR2320218'],ALQELPLCLR EWDSEASCPK GPIFELK GPLGPGGRGPIFELK LNVAAELVQGTVPLEVPQVKPK QNSAFYVDSELLVR RTDDGKGLGM[15.9949]QLK,87,0.0,0.0
HPRR2320220,3,2,3,5,3.0241545,HPRR2320220,[],['HPRR2320220'],ACGLSFSVFR ACGLSFSVFRK FTPNPEFSTYPPAATEGPNIVCK GQQSAFAGATGPFR GQQSAFAGATGPFRFTPNPEFSTYPPAATEGPNIVCK,88,0.0,0.0
HPRR232384,14,4,14,18,15.393618270000003,HPRR232384,[],['HPRR232384'],AEWQTEPQEPPIPESLAAAAAAAQQLQVAR AEWQTEPQEPPIPESLAAAAAAAQQLQVARK LHDEYKPLKEHVDALR LPDLCEEEEKLSLDYFEK LPDLCEEEEKLSLDYFEKQK LSLDYFEK MTLGLQRLPDLCEEEEKLSLDYFEK M[15.9949]TLGLQR NAPICPLCK QKAEWQTEPQEPPIPESLAAAAAAAQQLQVAR QKAEWQTEPQEPPIPESLAAAAAAAQQLQVARK QQPPPM[15.9949]KACLSCHQQIHR QSENDLNKLLESTR QSENDLNKLLESTRR Q[-17.0265]KAEWQTEPQEPPIPESLAAAAAAAQQLQVAR Q[-17.0265]SENDLNKLLESTR Q[-17.0265]SENDLNKLLESTRR RLHDEYKPLKEHVDALR,89,0.0,0.0
HPRR2330125,1,6,1,7,1.01447844,HPRR2330125,[],['HPRR2330125'],DNTVSIIDEEQLR GDRRQPLWMYR QPLWMYR RQPLWMYR SKPSQIRDNTVSIIDEEQLR SKPSQIRDNTVSIIDEEQLRGDR VNFGPYDNYIPVSELSK,92,0.0,0.0
HPRR233074,6,4,10,10,5.81007602,HPRR233074,[],"['HPRR233074', 'HPRR4450234']",CKLANVFFDTFFNIEK DGDSGGPELSDWEK EQISLLR ITLQDLK ITLQDLKR LANVFFDTFFNIEK TEGKITLQDLK TEGKITLQDLKR YLDHEQKEQISLLR YLDHEQKEQISLLRDGDSGGPELSDWEK,93,0.0,0.0
HPRR2360054,5,2,5,7,4.84220449,HPRR2360054,[],['HPRR2360054'],KVGTASENVYVNTAHLK LYKYDHNFVK NWACFTGKK VGTASENVYVNTAHLK VTTYCNETMTGWVHDVLGR VTTYCNETM[15.9949]TGWVHDVLGR YSNRLYKYDHNFVK,94,0.0,0.0
HPRR2390049,2,4,2,6,1.02677328,HPRR2390049,[],['HPRR2390049'],ASEEDHTNAACFACILLSHGEENVIYGK ASEEDHTNAACFACILLSHGEENVIYGKDGVTPIKDLTAHFR DGVTPIKDLTAHFR DGVTPIKDLTAHFRGDR DLTAHFR LFFIQACR,96,0.0,0.0
HPRR2390052,1,3,1,4,0.44668886,HPRR2390052,[],['HPRR2390052'],AVIHPDYDAASHDQDIMLLR AVIHPDYDAASHDQDIM[15.9949]LLR ESSQEQSSVVR KPNLQVFLGK,97,0.0,0.0
HPRR2390055,5,3,5,8,5.406689419999999,HPRR2390055,[],['HPRR2390055'],GSHPWQVALLSGNQLHCGGVLVNER IIDGAPCAR MNEYTVHLGSDTLGDR MNEYTVHLGSDTLGDRR M[15.9949]NEYTVHLGSDTLGDR SFRHPGYSTQTHVNDLMLV SFRHPGYSTQTHVNDLM[15.9949]LV WVLTAAHCK,99,0.0,0.0
HPRR2390061,2,2,2,4,1.36159919,HPRR2390061,[],['HPRR2390061'],GICTATTEEACMVGR GRGICTATTEEACMVGR MCHLQFPGEK M[15.9949]CHLQFPGEK,100,0.0,0.0
HPRR2440154,3,4,7,7,6.031254860000001,HPRR2440154,[],"['HPRR2440154', 'HPRR3880146']",DFLHLFEK KSLDEQANQENDALHKK SLDEQANQENDALHK SLDEQANQENDALHKK TVEFQHIIPISAVTGEGIEELK TVEFQHIIPISAVTGEGIEELKNCIR TVEFQHIIPISAVTGEGIEELKNCIRK,101,0.0,0.0
HPRR2440405,3,7,3,10,1.64037979,HPRR2440405,[],['HPRR2440405'],DLSQAQLQHYMK DLSQAQLQHYMKESAQLLSEK DLSQAQLQHYM[15.9949]K DLSQAQLQHYM[15.9949]KESAQLLSEK ESAQLLSEK IAFKTSDFSR VFNAHYNLTR VFNAHYNLTRH VFTCEVCGK YPSGVAFK,102,0.0,0.0
HPRR2440464,1,1,1,2,2.17608614,HPRR2440464,[],['HPRR2440464'],ANSVTVDGQGLQVTPVPGTHPLLVFVNPK SGSQQPNKVIDKNK,103,0.0,0.0
HPRR2441086,1,2,1,3,0.519715,HPRR2441086,[],['HPRR2441086'],AELAEGALRWDLPR LAFRPCGNANPHK LAFRPCGNANPHKWVR,106,0.0,0.0
HPRR2470377,6,2,6,8,3.48446544,HPRR2470377,[],['HPRR2470377'],ALYPMAQCHLSR ALYPM[15.9949]AQCHLSR LISETAQR QGWLLVVPPHGEPRPR Q[-17.0265]GWLLVVPPHGEPRPR RVQALLSGR VFGHSGGPCGGLLS VQALLSGR,107,0.0,0.0
HPRR2500088,3,4,3,7,9.54828235,HPRR2500088,[],['HPRR2500088'],AADIHTFSSVLEKV QRFPAQGSIEIHEDSEEGCPQR Q[-17.0265]RELYR Q[-17.0265]RFPAQGSIEIHEDSEEGCPQR RQRFPAQGSIEIHEDSEEGCPQR THVLLLVLHGGNILDTGAGDPSCK THVLLLVLHGGNILDTGAGDPSCKAADIHTFSSVLEKV,109,0.0,0.0
HPRR2500196,3,3,3,6,1.81241077,HPRR2500196,[],['HPRR2500196'],DVFHVATVASLGR LIPVTHEQGTVLAK QVGAVSYVECSSR Q[-17.0265]VGAVSYVECSSR SVRDVFHVATVASLGR n[42.0106]LIPVTHEQGTVLAK,110,0.0,0.0
HPRR2500368,4,2,6,6,4.085576140000001,HPRR2500368,[],"['HPRR2500368', 'HPRR3890570']",AEAAAGAAGILLR GRAEAAAGAAGILLR TLEQLAQQGK TLEQLAQQGKIKEK YLQEQNRPYSSQDVFGNLQR YLQEQNRPYSSQDVFGNLQREHGLGK,111,0.0,0.0
HPRR2500716,9,0,9,9,7.84339346,HPRR2500716,[],['HPRR2500716'],FGFHTVTCCGFIPQVNEWQDDWPTFFAR GEGAEPQYVDK GEGAEPQYVDKFGFHTVTCCGFIPQVNEWQDDWPTFFAR HRLQAQLDLIEKDYA LGEQMADLHLYNQK LGEQM[15.9949]ADLHLYNQK LQAQLDLIEKDYA RGEGAEPQYVDK RGEGAEPQYVDKFGFHTVTCCGFIPQVNEWQDDWPTFFAR,112,0.0,0.0
HPRR2501480,11,4,11,15,12.320836400000001,HPRR2501480,[],['HPRR2501480'],DGSLLEVEK DGSLLEVEKVSLQQR LGGLERENATLR LGGLERENATLRR LKVYEIK LKVYEIKYPLISDFGEEHGFSLYEIK LNQFQHELQK LNQFQHELQKNKEQEEQ RLKVYEIK VSLQQR VYEIKYPLISDFGEEHGFSLYEIK VYEIKYPLISDFGEEHGFSLYEIKDGSLLEVEK YPLISDFGEEHGFSLYEIK YPLISDFGEEHGFSLYEIKDGSLLEVEK YPLISDFGEEHGFSLYEIKDGSLLEVEKVSLQQR,113,0.0,0.0
HPRR2510213,2,4,2,6,1.8059072,HPRR2510213,[],['HPRR2510213'],ELPQKIVGENSLEYSEYMTGK IVGENSLEYSEYMTGK VFEASSLECSLEYMK VFEASSLECSLEYMKK VFEASSLECSLEYM[15.9949]K VFEASSLECSLEYM[15.9949]KK,114,0.0,0.0
HPRR2510306,8,2,8,10,5.60144989,HPRR2510306,[],['HPRR2510306'],EKQSNEFGKPFYHCASYVVT GLEHNLDLLR GLEHNLDLLRYEK HCPEVWEVDEQIKK IFPLSSDIVTSR QSFYDCDSLDKGLEHNLDLLR QSFYDCDSLDKGLEHNLDLLRYEK QSNEFGKPFYHCASYVVT Q[-17.0265]SFYDCDSLDKGLEHNLDLLR Q[-17.0265]SNEFGKPFYHCASYVVT,115,0.0,0.0
HPRR2540222,1,1,1,2,0.72875281,HPRR2540222,[],['HPRR2540222'],DKGQWSPLK GTGDWWLAR,116,0.0,0.0
HPRR2540402,1,3,1,4,3.0628636900000004,HPRR2540402,[],['HPRR2540402'],AMVEFATLDR AM[15.9949]VEFATLDR Q[-17.0265]LNHYVK SSSNSGSTGFISFSGVESALSSLK,117,0.0,0.0
HPRR2540430,1,4,1,5,0.37865004,HPRR2540430,[],['HPRR2540430'],QTGAELRPPPPEEDNPEVVRPHNGR QTGAELRPPPPEEDNPEVVRPHNGRVGGSPVR Q[-17.0265]TGAELRPPPPEEDNPEVVRPHNGR Q[-17.0265]TGAELRPPPPEEDNPEVVRPHNGRVGGSPVR VSLTQR,118,0.0,0.0
HPRR2540435,1,3,1,4,1.65563285,HPRR2540435,[],['HPRR2540435'],DLGPYVLHGRPYRPPSPPPPPSEGFSIK GNFWAVDVSLIPAEALR LQNTALCR LQNTALCRR,119,0.0,0.0
HPRR2540567,5,3,5,8,5.883664019999999,HPRR2540567,[],['HPRR2540567'],KMTEEYPALPQGAEASLPLTGSASCGVPGILR KMTEEYPALPQGAEASLPLTGSASCGVPGILRK MTEEYPALPQGAEASLPLTGSASCGVPGILR MTEEYPALPQGAEASLPLTGSASCGVPGILRK M[15.9949]TEEYPALPQGAEASLPLTGSASCGVPGILRK SLIPPVPR TSASASLEATAMGTEK TSASASLEATAM[15.9949]GTEK,120,0.0,0.0
HPRR2540609,7,2,7,9,4.44667705,HPRR2540609,[],['HPRR2540609'],EAWFSPVHT HLGWLAEK HLGWLAEKVPGESKK KQWKPALVVLTEK KQWKPALVVLTEKDLLIYDSMPR QWKPALVVLTEKDLLIYDSMPR QWKPALVVLTEKDLLIYDSM[15.9949]PR RKEAWFSPVHT VIAEVREQLGK,121,0.0,0.0
HPRR2550362,2,6,2,8,5.2788238000000005,HPRR2550362,[],['HPRR2550362'],DQQGPGTLAQPAHVR ESSGSGVEEDHECVYCYR LFPVPVDPGTPCR LFPVPVDPGTPCRLCR RLFPVPVDPGTPCR RLFPVPVDPGTPCRLCR TPRDQQGPGTLAQPAHVR VSIPLSI,122,0.0,0.0
HPRR2550550,1,5,1,6,0.62859431,HPRR2550550,[],['HPRR2550550'],GLAVEVGEDFNIK GTQRDPEAFLVQGLILSPR LLNAFIVAEK QKGLAVEVGEDFNIK Q[-17.0265]KGLAVEVGEDFNIK VIFSTLLGMK,123,0.0,0.0
HPRR2550573,2,1,2,3,1.6516545200000001,HPRR2550573,[],['HPRR2550573'],ALGTTNIDLPASLR GIGVSSNGAKPELSE LSEKDRMELLEIAK,124,0.0,0.0
HPRR2550633,4,5,4,9,5.2948744,HPRR2550633,[],['HPRR2550633'],DKPTNNFPK DKPTNNFPKNQTPVR LNVEAVNTHR LNVEAVNTHRDKPTNNFPK NSFTPLSSSNTIR NSFTPLSSSNTIRRPR NYSVGSRPLKPLSP RNSFTPLSSSNTIR VETIKLNVEAVNTHR,125,0.0,0.0
HPRR2551184,8,2,8,10,7.60791024,HPRR2551184,[],['HPRR2551184'],ACEVAPLQSVFQGQK ACEVAPLQSVFQGQKTELNNCISMLVAGNDR EELSQKFDTLYAIL ENSHQVKEELSQKFDTLYAIL TELNNCISMLVAGNDR TELNNCISMLVAGNDRVQTIITQLEDSR TELNNCISMLVAGNDRVQTIITQLEDSRR TELNNCISM[15.9949]LVAGNDRVQTIITQLEDSRR VQTIITQLEDSR VQTIITQLEDSRR,126,0.0,0.0
HPRR2551185,4,1,4,5,4.44091597,HPRR2551185,[],['HPRR2551185'],KLSFIEALIQQYQEQLDKSTK KSELLQR LSFIEALIQQYQEQLDK LVETAIQSLDEPGGATFLLTAK STKLVETAIQSLDEPGGATFLLTAK,127,0.0,0.0
HPRR2551249,8,2,8,10,6.49885142,HPRR2551249,[],['HPRR2551249'],HDSVDSGVSKGAYAGITGNPS HNSSDGFFNNGPLR RHNSSDGFFNNGPLR RRHNSSDGFFNNGPLR SPTATFEK SPTATFEKHGEHLPR SPTATFEKHGEHLPRGEGR TAGDSWHQPSLFR TAGDSWHQPSLFRHDSVDSGVSK TAGDSWHQPSLFRHDSVDSGVSKGAYAGITGNPS,128,0.0,0.0
HPRR2551324,3,7,3,10,6.38545252,HPRR2551324,[],['HPRR2551324'],EGKIVPVEITISLLKR EMDQTMAANAQK IVPVEITISLLK IVPVEITISLLKR KNPDSQYGELIEK KNPDSQYGELIEKYIK NKFLIDG NPDSQYGELIEK YGYTHLSAGELLR YGYTHLSAGELLRDER,129,0.0,0.0
HPRR2551632,8,1,8,9,7.49223773,HPRR2551632,[],['HPRR2551632'],EWRPELLWMR EWRPELLWMRLHAEDSAPSR EWRPELLWM[15.9949]R GELLNPTGTVR LPGGMLLASR LPGGM[15.9949]LLASR SNPNTDSAAALLICLPEVAPHPVYYPALEK SNPNTDSAAALLICLPEVAPHPVYYPALEKLPGGMLLASR SNPNTDSAAALLICLPEVAPHPVYYPALEKLPGGM[15.9949]LLASR,130,0.0,0.0
HPRR2551682,3,2,3,5,1.0656625100000001,HPRR2551682,[],['HPRR2551682'],DQPTFTLR HLEVVLNQSEACASESQPHSSALTAPSSPGSSWMKK HLEVVLNQSEACASESQPHSSALTAPSSPGSSWM[15.9949]KK KDQPTFTLR QVGIICER,131,0.0,0.0
HPRR2551790,7,3,7,10,8.348866000000001,HPRR2551790,[],['HPRR2551790'],LIEGLSHEVIVSAACGR LWSWGR NHTLALTETGSVF NLGQNLWGPHR NLGQNLWGPHRYGCLAGVR TVVSGSCAAHSLLITTEGK TVVSGSCAAHSLLITTEGKLWSWGR TVVSGSCAAHSLLITTEGKLWSWGRNEK VRTVVSGSCAAHSLLITTEGK YGCLAGVR,132,0.0,0.0
HPRR2552126,5,2,7,7,5.0873168600000005,HPRR2552126,[],"['HPRR2552126', 'HPRR4050552']",DHNKKVDFTEYLLMIFK DHNKKVDFTEYLLM[15.9949]IFK DYCQVSGSK IIGKDYCQVSGSK NKIIGKDYCQVSGSK VDFTEYLLMIFK VDFTEYLLM[15.9949]IFK,133,0.0,0.0
HPRR260088,2,2,2,4,1.01024679,HPRR260088,[],['HPRR260088'],CILFPPDQFECLYPYPVHHPCDR QSQVDFDNPDYER RCILFPPDQFECLYPYPVHHPCDR RIEYPLK,134,0.0,0.0
HPRR2620002,1,7,1,8,8.290793820000001,HPRR2620002,[],['HPRR2620002'],EIFTGEEGPESSEFSLSPNLDAQQK EIFTGEEGPESSEFSLSPNLDAQQKIPK KVSVTLKEIFTGEEGPESSEFSLSPNLDAQQK SSFENTVVR SSFENTVVRK VSVTLKEIFTGEEGPESSEFSLSPNLDAQQK VSVTLKEIFTGEEGPESSEFSLSPNLDAQQKIPK n[42.0106]SSFENTVVRK,135,0.0,0.0
HPRR2620016,5,0,5,5,2.7385812599999997,HPRR2620016,[],['HPRR2620016'],GHKLTVTLSCGRPSIR LNYRVPSR LTVTLSCGRPSIR NCGEDWFRPK TTAWEDY,136,0.0,0.0
HPRR2620054,6,4,10,10,8.16745647,HPRR2620054,[],"['HPRR2620054', 'HPRR4320615']",DQFNKLVTDLPNVQEEIVNIHNALR DQFNKLVTDLPNVQEEIVNIHNALRR LVTDLPNVQEEIVNIHNALR LVTDLPNVQEEIVNIHNALRR MSWSEEAAQNAR M[15.9949]SWSEEAAQNAR RLPNTF VVPPASNMLK YCDMTESNPLER YCDM[15.9949]TESNPLER,137,0.0,0.0
HPRR2640051,3,5,3,8,0.9236377899999999,HPRR2640051,[],['HPRR2640051'],EDSTPLATLEFPPSEDR EDSTPLATLEFPPSEDRYTASGVHK EDSTPLATLEFPPSEDRYTASGVHKGATYVFR GATYVFR LQFGREDSTPLATLEFPPSEDR LQFGREDSTPLATLEFPPSEDRYTASGVHK WEPPAGTAEDQVLGYR YTASGVHKGATYVFR,138,0.0,0.0
HPRR2640146,5,2,5,7,3.14269071,HPRR2640146,[],['HPRR2640146'],LIVNLKPEK SYSFVLTNR SYSFVLTNRGNSAGGLQHR TAPDVLR TKPAFIGK TNLDGMITVQLPEVPANEN TNLDGM[15.9949]ITVQLPEVPANEN,139,0.0,0.0
HPRR2650003,5,2,5,7,5.38270243,HPRR2650003,[],['HPRR2650003'],KTNKQVFVSYNL LTDSLFLWVGATPHLR NLAVAMCSR NLAVAMCSRYDSIPVSTSLLGDTSDTTSTGLAQR Q[-17.0265]VFVSYNL TNKQVFVSYNL YDSIPVSTSLLGDTSDTTSTGLAQR,140,0.0,0.0
HPRR2700128,6,8,6,14,14.475677259999998,HPRR2700128,[],['HPRR2700128'],ATTNIIQPLLHAQWVLGDWSECSSTCGAGWQR ATTNIIQPLLHAQWVLGDWSECSSTCGAGWQRR ERATTNIIQPLLHAQWVLGDWSECSSTCGAGWQR ERATTNIIQPLLHAQWVLGDWSECSSTCGAGWQRR RTVECRDPSGQASATCNK TVECRDPSGQASATCNK VKYTFFVPNDVDFSMQSSK VKYTFFVPNDVDFSMQSSKER VKYTFFVPNDVDFSM[15.9949]QSSK VKYTFFVPNDVDFSM[15.9949]QSSKER YTFFVPNDVDFSMQSSK YTFFVPNDVDFSMQSSKER YTFFVPNDVDFSM[15.9949]QSSK YTFFVPNDVDFSM[15.9949]QSSKER,141,0.0,0.0
HPRR2700178,5,1,5,6,3.3240075000000004,HPRR2700178,[],['HPRR2700178'],GSLKEDLTQHK QLIVDDLK QLIVDDLKGSLKEDLTQHK Q[-17.0265]LIVDDLKGSLKEDLTQHK SPPTRPVPGHRSER STSTGSAASSGSNSSASSEQGLLGR,142,0.0,0.0
HPRR2700179,11,1,11,12,8.520951969999999,HPRR2700179,[],['HPRR2700179'],AIRGSNEYTEGPSVVK AIRGSNEYTEGPSVVKRPAPR EIQPTAILSLDQIK GSNEYTEGPSVVK GSNEYTEGPSVVKRPAPR LDYEREIQPTAILSLDQIK QRLDYER QRLDYEREIQPTAILSLDQIK Q[-17.0265]RLDYER Q[-17.0265]RLDYEREIQPTAILSLDQIK THEIIPINVNNNYEHR THEIIPINVNNNYEHRHTSHLG,143,0.0,0.0
HPRR2750112,1,6,1,7,0.45841127,HPRR2750112,[],['HPRR2750112'],APGLLPYEPFTM[15.9949]VAVK DIGEGAFGR LLSLEYPR LLSLEYPRNNIEYVR MPLLLNPK NNIEYVR NNIEYVRDIGEGAFGR,144,0.0,0.0
HPRR2760146,5,1,5,6,2.91276776,HPRR2760146,[],['HPRR2760146'],EEGCTQENTESEYYAK ELLEEMHGEREEGCTQENTESEYYAKEI LRLTSPPEPTVMTHVPYQVLALYNSTR LTSPPEPTVMTHVPYQVLALYNSTR LTSPPEPTVM[15.9949]THVPYQVLALYNSTR VEAIRGQILSK,145,0.0,0.0
HPRR2760180,4,1,4,5,4.17282239,HPRR2760180,[],['HPRR2760180'],GDTLCTNLTGTLLPSR HHPTTLAVGICSPASR LSFHQGCTIASQR LTPLARGDTLCTNLTGTLLPSR NTDETFFGVQWV,146,0.0,0.0
HPRR2760182,8,0,8,8,6.45508589,HPRR2760182,[],['HPRR2760182'],EQM[15.9949]QDALGNNSSFHHR FFFNLSSIPTEEFITSAELQVFR FPVTSLLDTR INIYEIIKPATANSK INIYEIIKPATANSKFPVTSLLDTR LVNQNASRWESFDVT RFFFNLSSIPTEEFITSAELQVFR RFFFNLSSIPTEEFITSAELQVFREQMQDALGNNSSFHHR,147,0.0,0.0
HPRR2760304,6,3,6,9,5.658848959999999,HPRR2760304,[],['HPRR2760304'],GDSGSPATWTTR GEPGPAGSDGLPGLK GEPGPAGSDGLPGLKGK GFVFTR GNKGSKGEPGPAGSDGLPGLK GSKGEPGPAGSDGLPGLK GSKGEPGPAGSDGLPGLKGK HSQTTAIPSCPEGTVPLYSGFSFL RGDSGSPATWTTR,148,0.0,0.0
HPRR280003,9,2,11,11,8.04403336,HPRR280003,[],"['HPRR280003', 'HPRR4460007']",EMETPDWTPDIK EMETPDWTPDIKHSK EM[15.9949]ETPDWTPDIK EM[15.9949]ETPDWTPDIKHSK IRVDLPLGSPAVNCTVLPGGISVSSAILTQTNNDEFVIVGGYQLENQKR IWFGSNMGNGTVFLGIPGDNK IWFGSNM[15.9949]GNGTVFLGIPGDNK MICNIISLEDNK MICNIISLEDNKIEIR M[15.9949]ICNIISLEDNKIEIR QVVSEGF,149,0.0,0.0
HPRR280079,3,0,3,3,1.13358129,HPRR280079,[],['HPRR280079'],ISIKPSTMWFGER SSCLSLLTSWITGAY VVEILKPLCR,150,0.0,0.0
HPRR280081,5,6,11,11,6.06207572,HPRR280081,[],"['HPRR280081', 'HPRR3780091']",DQTIRFDHVITNMNNNYEPR DQTIRFDHVITNM[15.9949]NNNYEPR FDHVITNMNNNYEPR FDHVITNM[15.9949]NNNYEPR FTCKVPGLYYFTYHASSR GNLCVNLMR GNLCVNLM[15.9949]R IAFSATR TINVPLRR VPGLYYFTYHASSR VPGLYYFTYHASSRGNLCVNLMR,151,0.0,0.0
HPRR280111,4,2,4,6,4.906392,HPRR280111,[],['HPRR280111'],ALLAFQESK LIQEAPKPGCEK NLCEAMENFMQQLK SQCLEDHTWAPPFPICK SRDCDPPGNPVHGYFEGNNFTLGSTISYYCEDR YYLVGVQEQQCVDGEWSSALPVCK,152,0.0,0.0
HPRR2810004,1,5,6,6,3.49066645,HPRR2810004,[],"['HPRR2810004', 'HPRR3720023']",FPVPVLK IFTSNTHSSVVLQG LSLGGSEM[15.9949]GLSSHLQSSK STPLSPAYISLVEEEDQHM[15.9949]K TSSPAIWK TSSPAIWKFPVPVLK,153,0.0,0.0
HPRR2810254,3,1,3,4,2.64417377,HPRR2810254,[],['HPRR2810254'],DSITYREVLESGLAR EVLESGLAR LKEFGTAR SRELGTSDSSLQDITEGGGHCPVHLFK,154,0.0,0.0
HPRR2880070,1,2,1,3,1.60899553,HPRR2880070,[],['HPRR2880070'],HSPQLVVHVGVSGMATTVTLEK LGLGDSVDLHVYEIPVEYQTVQR LIPALWEK,155,0.0,0.0
HPRR2890041,4,3,4,7,5.29215195,HPRR2890041,[],['HPRR2890041'],AAQPSPSTVPK AAQPSPSTVPKTEDQRPQ ETPLPHLTSDDVDK ETPLPHLTSDDVDKALQNSPR NTDLPYEPPR NTDLPYEPPRR SAWTGHGHPTPQSK,156,0.0,0.0
HPRR290033,2,4,2,6,0.69340046,HPRR290033,[],['HPRR290033'],LRVDQLK LRVDQLKYDVQHLQTALR QREELLSR Q[-17.0265]REELLSR VDQLKYDVQHLQTALR YDVQHLQTALR,157,0.0,0.0
HPRR2930357,3,6,3,9,2.14778443,HPRR2930357,[],['HPRR2930357'],DNWQAFEK DNWQAFEKNTHNNNK GPCLVIQR GPCLVIQRQDM[15.9949] HNQMCCETPPTVTVYVK HNQM[15.9949]CCETPPTVTVYVK RPICKDNWQAFEK RPICKDNWQAFEKNTHNNNK RPKGPCLVIQR,158,0.0,0.0
HPRR2970116,5,2,5,7,2.66901905,HPRR2970116,[],['HPRR2970116'],FPAAGMSRPLDTSLR FPAAGM[15.9949]SRPLDTSLR KLQESGFYWSAVTGGEANLLLSA LKTFSSKSEYQLVVNAVR LQESGFYWSAVTGGEANLLLSA SEYQLVVNAVR SEYQLVVNAVRK,159,0.0,0.0
HPRR2990028,3,4,3,7,2.73830603,HPRR2990028,[],['HPRR2990028'],CQYPPTGSLYEK CQYPPTGSLYEKK EASALVCIR FTIWDDPDAGFFTVTMTDLREEDS GWCKEASALVCIR KGWCKEASALVCIR TMAWTSR,160,0.0,0.0
HPRR2990033,3,5,3,8,2.8490504999999997,HPRR2990033,[],['HPRR2990033'],DSLEYPDGK FIDLSADDIKIHTLSYDVEEEEEFQELESDYSSD IHTLSYDVEEEEEFQELESDYSSD SPTKDSLEYPDGK SPTKDSLEYPDGKFIDLSADDIK SWGDGVAADCCETTFIEDR SWGDGVAADCCETTFIEDRSPTK SWGDGVAADCCETTFIEDRSPTKDSLEYPDGK,161,0.0,0.0
HPRR3000481,2,3,2,5,1.8369980900000002,HPRR3000481,[],['HPRR3000481'],ASAQQENSSTCIGSAIK ASAQQENSSTCIGSAIKSESGNSAR GISSSNEGVEEPSK GISSSNEGVEEPSKK RGISSSNEGVEEPSK,162,0.0,0.0
HPRR300183,2,9,2,11,8.50109218,HPRR300183,[],['HPRR300183'],EQANLNSRTEETIK EQANLNSRTEETIKFAAAHYNTEILK EVCIDVGK EVCIDVGKEFGVATNTFFKPPCVSVYR FAAAHYNTEILK GGWQHNREQANLNSR SIDNEWR SIDNEWRK SVSSVDELMTVLYPEYWK SVSSVDELM[15.9949]TVLYPEYWK TEETIKFAAAHYNTEILK,163,0.0,0.0
HPRR3020476,5,3,5,8,5.5289525699999995,HPRR3020476,[],['HPRR3020476'],APARWEWLYSIYR DLKSCNRPCVWSR FLRPWYFSR LLKPNSSLSNLETAYFPQNLR SCNRPCVWSR SPCAPPQPSWPCSVI WEWLYSIYR WEWLYSIYRK,164,0.0,0.0
HPRR3090113,3,1,3,4,5.16092922,HPRR3090113,[],['HPRR3090113'],ALWPACLHGSSTLAVCQTHL TLLLKEELDPLK TLLLKEELDPLKVSCLETLGFSAAGVAGPENR VSCLETLGFSAAGVAGPENR,166,0.0,0.0
HPRR3140345,2,4,2,6,4.92662176,HPRR3140345,[],['HPRR3140345'],AISSIGLECQSVTSR AISSIGLECQSVTSRGDLATCPR GDLATCPR GFAVTGCTCGSACGSWDVR GFAVTGCTCGSACGSWDVRAETTCHCQC IQEVAGSLIFR,167,0.0,0.0
HPRR330224,6,0,6,6,4.08269648,HPRR330224,[],['HPRR330224'],AIELFQR EAEGEQFVEEALEK EAEGEQFVEEALEKSPCQTDVLR KGDLDKAIELFQR SPCQTDVLR VLESTPNNGYLYHQIGCCYK,168,0.0,0.0
HPRR330275,5,4,5,9,6.6842784900000005,HPRR330275,[],['HPRR330275'],AGTHPLNPANSSHLLSLTLGPQHADNIYICTVSNPISNNSQTFSPWPGCR FCLQLR FYLENLTLGIR KEDEGWYLMTLEK LYEQVSTPEIK VLNKTQENGTCTLILGCTVEKGDHVAYSWSEK YKFYLENLTLGIR YLGDRYK YLGDRYKFYLENLTLGIR,169,0.0,0.0
HPRR3330016,3,1,3,4,1.89923746,HPRR3330016,[],['HPRR3330016'],EGYVPSNFVAR GTGDWWLAR VESLEMERWF VESLEM[15.9949]ERWF,170,0.0,0.0
HPRR340034,6,3,6,9,6.57814578,HPRR340034,[],['HPRR340034'],IFQECIETDISIQR IHNGVIPFDDNQCGNVFR NLKPNIDLPSCYK NTQSLIQYQNVETK NTQSLIQYQNVETKEK QVTFVNSK SSSQSEPNSNLEK SSSQSEPNSNLEKIHNGVIPFDDNQCGNVFR TVTEASGHKYNPLGK,171,0.0,0.0
HPRR340039,3,2,3,5,2.34013606,HPRR340039,[],['HPRR340039'],CKGIYYWNSR GIYYWNSR LIVQHSYIPVEEALPQYVGVICQEDLLR LIVQHSYIPVEEALPQYVGVICQEDLLRDSMEEKYCGCNK YRLGISR,172,0.0,0.0
HPRR340181,3,4,3,7,6.73596701,HPRR340181,[],['HPRR340181'],AFLDTFTLLDSQMTHAEVRPF EEGMDLPDSSGLFQHQTTYNR RTECMESFPHSSSLR RTECM[15.9949]ESFPHSSSLR SCTVHMLGR SFTCREEGMDLPDSSGLFQHQTTYNR SFTCREEGM[15.9949]DLPDSSGLFQHQTTYNR,173,0.0,0.0
HPRR3420055,6,1,6,7,6.12187772,HPRR3420055,[],['HPRR3420055'],IVVHPYWNSD QNWVMTAAHCVDYQK Q[-17.0265]NWVMTAAHCVDYQK Q[-17.0265]NWVM[15.9949]TAAHCVDYQK SGGSRYHTCGGTLIR VVAGDHNLSQNDGTEQYVSVQK YHTCGGTLIR,174,0.0,0.0
HPRR3450022,10,0,10,10,5.5605046399999996,HPRR3450022,[],['HPRR3450022'],DLIATQK DLIATQKDLIATQR DLIATQR DLINQSGR DLIVTQR DLVATER DLVATERDLINQSGR SQGDLVDTQSDLIATQR SQGDLVDTQSDLIATQRDLIATQKDLIATQR SRSQGDLVDTQSDLIATQR,175,0.0,0.0
HPRR3450023,2,0,2,2,2.8613613200000003,HPRR3450023,[],['HPRR3450023'],CSDNYEAQAEKNQGQSEGNQHQSEGNPDKSEESQGQPEENHHSER NQGQSEGNQHQSEGNPDKSEESQGQPEENHHSER,176,0.0,0.0
HPRR360208,2,4,2,6,6.86555424,HPRR360208,[],['HPRR360208'],GPAAPTPAPTLPSPNSSFTSLVSPYR HDPLGKPLLWSPFLQRPLHK HDPLGKPLLWSPFLQRPLHKR TPVYEPTPIHPAFSHHSAAALAAAYGPGGFGGPLYPFPR TVNDYTHALLR TVNDYTHALLRHDPLGKPLLWSPFLQRPLHK,177,0.0,0.0
HPRR3670067,1,5,1,6,0.44157659,HPRR3670067,[],['HPRR3670067'],GNLGLIPR LTVKQEPANQTWGQGSSLQK LTVKQEPANQTWGQGSSLQKNYPPVCEIFR NYPPVCEIFR QEPANQTWGQGSSLQK Q[-17.0265]EPANQTWGQGSSLQK,179,0.0,0.0
HPRR3690184,7,0,7,7,4.276714409999999,HPRR3690184,[],['HPRR3690184'],AESDLDYIQYR AESDLDYIQYRLEYEIK ELSVIKS LEYEIK LEYEIKTNHPDSASEKNPVTLLK TNHPDSASEKNPVTLLK TNHPDSASEKNPVTLLKELSVIK,180,0.0,0.0
HPRR3700338,5,0,5,5,4.6173946,HPRR3700338,[],['HPRR3700338'],AIQAKDTFPNVTILSTLETLQIIKPLDVCCVTK DTFPNVTILSTLETLQIIKPLDVCCVTK NLLAFYVDR NLLAFYVDRVFK NLLAFYVDRVFKDHQEPNPK,181,0.0,0.0
HPRR370244,7,0,7,7,4.6785195900000005,HPRR370244,[],['HPRR370244'],IAEESNFPFIK IAEESNFPFIKICSPDK NSDRTPLVSVLLEGPPHSGK NSDRTPLVSVLLEGPPHSGKTALAAK TPLVSVLLEGPPHSGK VLDDGELLVQQTK WGDPVTR,182,0.0,0.0
HPRR3720166,5,0,5,5,3.38072313,HPRR3720166,[],['HPRR3720166'],CGFNINVR CGFNINVRDFEGK CGFNINVRDFEGKVVK SADEGQTVFYTCT TSVVFHQLGTAMPMSVEEGPECQGPVVDRR,183,0.0,0.0
HPRR3720232,5,1,5,6,6.12298972,HPRR3720232,[],['HPRR3720232'],LADTPWLCQSAEPGDEESVMLDLAK LADTPWLCQSAEPGDEESVMLDLAKR LADTPWLCQSAEPGDEESVM[15.9949]LDLAKR MALQLDPPQKEQLGSALAEMDR RLADTPWLCQSAEPGDEESVMLDLAKR RLADTPWLCQSAEPGDEESVM[15.9949]LDLAKR,184,0.0,0.0
HPRR3720352,5,6,5,11,4.31347505,HPRR3720352,[],['HPRR3720352'],AFADM[15.9949]RWNCSSIELAPNYLLDLER QLEGLVSAQVQLCR Q[-17.0265]LEGLVSAQVQLCR RAFADM[15.9949]RWNCSSIELAPNYLLDLER SNLELMHTVVHAAR SNLELM[15.9949]HTVVHAAR TPSALALNQTQHCK TPSALALNQTQHCKQLEGLVSAQVQLCR WNCSSIELAPNYLLDLER WNCSSIELAPNYLLDLERGTR WNCSSIELAPNYLLDLERGTRE,185,0.0,0.0
HPRR3720402,5,1,5,6,6.63548337,HPRR3720402,[],['HPRR3720402'],ASRLPGPTGSVVSTGTSFSSSSPGLASAGAAEGK LPGPTGSVVSTGTSFSSSSPGLASAGAAEGK QGAESDQAEPIICSSGAEAPANSLPSK QGAESDQAEPIICSSGAEAPANSLPSKVPTTLMPVNTVALKV QGAESDQAEPIICSSGAEAPANSLPSKVPTTLM[15.9949]PVNTVALKV VPTTLMPVNTVALKV,186,0.0,0.0
HPRR3720421,4,3,4,7,1.43782672,HPRR3720421,[],['HPRR3720421'],DQLQVLVSK IVTATVNNSVL KIVTATVNNSVL LQDKNSFLEK QNSIIEELEK QNSIIEELEKK Q[-17.0265]NSIIEELEKK,187,0.0,0.0
HPRR3720532,4,2,4,6,4.00284092,HPRR3720532,[],['HPRR3720532'],IYKYLSSVSR SGRSPELSAAESAVVL SPELSAAESAVVL TPDPAPEKPSESSAGPSTEEDFAVDFEK TPDPAPEKPSESSAGPSTEEDFAVDFEKIYK YLSSVSR,188,0.0,0.0
HPRR3720606,6,4,6,10,8.699907909999999,HPRR3720606,[],['HPRR3720606'],LEILSSK LEILSSKEPPNKR LETADKQSVHIVENEIQASIDQIFSR LETADKQSVHIVENEIQASIDQIFSRLER LRVDQLK LRVDQLKYDVQHLQTALR QSVHIVENEIQASIDQIFSR Q[-17.0265]VHEIQSCM[15.9949]GR VDQLKYDVQHLQTALR YDVQHLQTALR,189,0.0,0.0
HPRR3720617,5,3,5,8,5.86153511,HPRR3720617,[],['HPRR3720617'],LDM[15.9949]RTDLATLR LIPVTHEQGTVLAK QRLIPVTHEQGTVLAK QVGAVSYVECSSR Q[-17.0265]RLIPVTHEQGTVLAK Q[-17.0265]VGAVSYVECSSR TDLATLR TDLATLRELSK,190,0.0,0.0
HPRR3720679,4,9,4,13,8.21254009,HPRR3720679,[],['HPRR3720679'],EAGALDRLLDLPAAASSEDIER EAGALDRLLDLPAAASSEDIERS ELRPEDDMKPGSFDR ELRPEDDM[15.9949]KPGSFDR LLDLPAAASSEDIER LLDLPAAASSEDIERS RELRPEDDMKPGSFDR RELRPEDDM[15.9949]KPGSFDR SFSDKNGLTSKR SIPENNIMR SIPENNIM[15.9949]R TIIEFLSFLHLK TIIEFLSFLHLKEAGALDR,191,0.0,0.0
HPRR3730022,5,1,5,6,2.90756858,HPRR3730022,[],['HPRR3730022'],GTTPNLMR IIATTEGLTGLWK LQAQSHLHGIKPR SVIINCTEL VRLQAQSHLHGIKPR YTGTYNAYR,192,0.0,0.0
HPRR3730024,3,9,3,12,9.00711049,HPRR3730024,[],['HPRR3730024'],AWDQCIPK AWDQCIPKY FAGQDFAK FHPDKDPFCPILR GNLLPNLTAR IGWVCDLDK IGWVCDLDKAWDQCIPK IGWVCDLDKAWDQCIPKY TCRFHPDKDPFCPILR TGGVLGIK VGDVVKFAGQDFAK VGDVVKFAGQDFAKLAR,193,0.0,0.0
HPRR3730146,3,0,3,3,3.65017201,HPRR3730146,[],['HPRR3730146'],AFLLMASQYQQPHENDVAALLKPISE AFLLM[15.9949]ASQYQQPHENDVAALLKPISE ILAGDVETHAEMVHSAFQAQR,194,0.0,0.0
HPRR3730168,4,7,4,11,1.88572578,HPRR3730168,[],['HPRR3730168'],CKVTGWGATDPDSLRPSDTLR CKVTGWGATDPDSLRPSDTLREVTVTVLSR DMVCAGDAKGQKDS EVTVTVLSR EVTVTVLSRK KLCNSQSYYNGDPFITK KLCNSQSYYNGDPFITKDMVCAGDAK LCNSQSYYNGDPFITK VTGWGATDPDSLRPSDTLR VTGWGATDPDSLRPSDTLREVTVTVLSR VTGWGATDPDSLRPSDTLREVTVTVLSRK,195,0.0,0.0
HPRR3730192,2,1,2,3,3.15252971,HPRR3730192,[],['HPRR3730192'],DSDSLAESEFESAAFSQGSR WCHIVR WCHIVRDSDSLAESEFESAAFSQGSR,196,0.0,0.0
HPRR3730250,9,3,9,12,11.59551688,HPRR3730250,[],['HPRR3730250'],DRGIFGIESWPDYEDIYK DRGIFGIESWPDYEDIYKK EAITLSDLLR FPDITEDCYLHPNILCMK FVEEDHIPYINAFQHFPEQMK FVEEDHIPYINAFQHFPEQMKLYGR GIFGIESWPDYEDIYK GIFGIESWPDYEDIYKK KTIEVGTFLDLPR TIEVGTFLDLPR TIEVGTFLDLPRFPDITEDCYLHPNILCMK TIEVGTFLDLPRFPDITEDCYLHPNILCM[15.9949]K,197,0.0,0.0
HPRR3730276,3,0,3,3,2.9568163,HPRR3730276,[],['HPRR3730276'],GLNPLNAYSDLAEFLETECYQTPFNK GLNPLNAYSDLAEFLETECYQTPFNKEVPDAEKQQSHQ QYAMDYSNK,198,0.0,0.0
HPRR3730312,1,5,1,6,0.83651379,HPRR3730312,[],['HPRR3730312'],DKPTNNFPK DKPTNNFPKNQTPVR NSFTPLSSSNTIR NSFTPLSSSNTIRRPR NYSVGSRPLKPLSPLR RNSFTPLSSSNTIR,199,0.0,0.0
HPRR3730314,5,5,5,10,2.34145807,HPRR3730314,[],['HPRR3730314'],EEAATADPLIK EREEAATADPLIK IEDAGPYHAYVCSEASSVTSM[15.9949] ISQLKIEDAGPYHAYVCSEASSVTSM[15.9949] NRVWVSSQDCSLK VVWLFNTSIISK VVWLFNTSIISKER VVWLFNTSIISKEREEAATADPLIK VWVSSQDCSLK VWVSSQDCSLKISQLK,200,0.0,0.0
HPRR3730410,7,0,7,7,5.01255253,HPRR3730410,[],['HPRR3730410'],LENVSGYYADAR LENVSGYYADARLEVGSTQLR LEVGSTQLR LEVGSTQLRTAGSCSHSFKR SCCQVVTFTFPFGFQGISQR SCCQVVTFTFPFGFQGISQRLENVSGYYADAR SCCQVVTFTFPFGFQGISQRLENVSGYYADARLEVGSTQLR,201,0.0,0.0
HPRR3730429,3,4,3,7,0.8403796800000001,HPRR3730429,[],['HPRR3730429'],EYKQEMDLLLQEK HLKEYKQEMDLLLQEK LIHADINVMENTIK QSENDLNKLLESTR QSENDLNKLLESTRR Q[-17.0265]SENDLNKLLESTR Q[-17.0265]SENDLNKLLESTRR,203,0.0,0.0
HPRR3730444,4,0,4,4,3.32729549,HPRR3730444,[],['HPRR3730444'],LFEELDSNK LFEELDSNKDGR LFEELDSNKDGRVDVHELR LGGGNPDPGAQQGISSEGDADPDGGLD,204,0.0,0.0
HPRR3730445,7,0,7,7,5.69594485,HPRR3730445,[],['HPRR3730445'],LVNQNASRWESFDVTPAVMR LVNQNASRWESFDVTPAVM[15.9949]R WESFDVTPAVMR WESFDVTPAVM[15.9949]R WTAQGHANHGFVVEVAHLEEK WTAQGHANHGFVVEVAHLEEKQGVSK WTAQGHANHGFVVEVAHLEEKQGVSKR,205,0.0,0.0
HPRR3730453,5,0,5,5,5.17556826,HPRR3730453,[],['HPRR3730453'],NAGNLYTR QVQIEGETLALQVQDTPGIQVHENSLSCSEQLNR Q[-17.0265]VQIEGETLALQVQDTPGIQVHENSLSCSEQLNR SYELISQ WADAVVIVFSITDYKSYELISQ,206,0.0,0.0
HPRR3730589,2,4,2,6,2.0419626199999996,HPRR3730589,[],['HPRR3730589'],EEGMDLPDSSGLFQHQTTYNR QHNGENCFRGDDGGASFVK Q[-17.0265]HNGENCFRGDDGGASFVK SCTVHMLGR SFTCREEGMDLPDSSGLFQHQTTYNR SFTCREEGM[15.9949]DLPDSSGLFQHQTTYNR,207,0.0,0.0
HPRR3760008,4,2,4,6,7.236457489999999,HPRR3760008,[],['HPRR3760008'],GGPSDHEATAWILINPLR GGPSDHEATAWILINPLRK GGPSDHEATAWILINPLRKEDEGV KVTKSPEGTQALEELPGDHVNIAVQVR SPEGTQALEELPGDHVNIAVQVR VTKSPEGTQALEELPGDHVNIAVQVR,208,0.0,0.0
HPRR3760142,4,0,4,4,3.7356806099999997,HPRR3760142,[],['HPRR3760142'],CNSADLVNMHILQASTAER NRCNSADLVNMHILQASTAER NRCNSADLVNM[15.9949]HILQASTAER SIPTAQM,209,0.0,0.0
HPRR3760365,5,2,5,7,5.7826812599999995,HPRR3760365,[],['HPRR3760365'],CKGIYYWNSR GIYYWNSR KLYGCDEVDGNFHQSSGVHFH LYGCDEVDGNFHQSSGVHFH NQPGENLCQCSIR NQPGENLCQCSIRK RNQPGENLCQCSIRK,210,0.0,0.0
HPRR3760407,6,0,6,6,3.7708123,HPRR3760407,[],['HPRR3760407'],ACFSFHSSYS AEEYFQWSK AEEYFQWSKLPCGITSR HPKAEEYFQWSKLPCGITSR LPCGITSR NRIPLHIISIKPSTMWFGER,211,0.0,0.0
HPRR3760434,3,4,3,7,2.7816894100000003,HPRR3760434,[],['HPRR3760434'],FSNDQTIELEKK FSNDQTIELEKKFETQK HDPLGKPLLWSPFLQRPLHK HDPLGKPLLWSPFLQRPLHKR KFETQKYLS TVNDYTHALLR TVNDYTHALLRHDPLGKPLLWSPFLQRPLHK,212,0.0,0.0
HPRR3760436,3,9,3,12,0.70589029,HPRR3760436,[],['HPRR3760436'],DLEEQLR DLEEQLRSVSSVDELM[15.9949]TVLYPEYWK EQANLNSRTEETIK EQANLNSRTEETIKFAAAHYNTEILK FAAAHYNTEILK GGWQHNREQANLNSR SIDNEWR SIDNEWRK SIDNEWRKT SVSSVDELMTVLYPEYWK SVSSVDELM[15.9949]TVLYPEYWK TEETIKFAAAHYNTEILK,213,0.0,0.0
HPRR3760446,3,0,3,3,2.41589562,HPRR3760446,[],['HPRR3760446'],ANHSLHNEGAI IELTLTELHDGLPDETANLLNEQNCVTHSK MDKTPQSSDSENTKIELTLTELHDGLPDETANLLNEQNCVTHSK,214,0.0,0.0
HPRR3760498,9,2,9,11,8.6622179,HPRR3760498,[],['HPRR3760498'],FIKPWESPDEMELDEL FIKPWESPDEM[15.9949]ELDEL GKFIKPWESPDEMELDEL GKFIKPWESPDEM[15.9949]ELDEL GYYIIIVPLK GYYIIIVPLKK TAPDVLR TKPAFIGK TNLDGMITVQLPEVPANENIK TNLDGMITVQLPEVPANENIKGYYIIIVPLKK TNLDGM[15.9949]ITVQLPEVPANENIK,215,0.0,0.0
HPRR3760527,2,3,2,5,0.64601111,HPRR3760527,[],['HPRR3760527'],KLNSGDNLIVEEAVQELNSFLAQENM[15.9949]R LQELTDLLQEK LQELTDLLQEKHR TM[15.9949]SQEFSKLQSK VETAESRVSVLES,216,0.0,0.0
HPRR3760696,3,1,3,4,2.85541454,HPRR3760696,[],['HPRR3760696'],ALFPTEIHSGLLEVISPSPHFYPDFSR EVHSYLTDTLHSLISELSPQEK EVHSYLTDTLHSLISELSPQEKEDSVIVVLIAETDSQYTSAVTENIK LRESFG,217,0.0,0.0
HPRR3760711,6,3,6,9,3.0794406400000005,HPRR3760711,[],['HPRR3760711'],EELSQKFDTLYAILDEK ENSHQVKEELSQKFDTLYAILDEK FDTLYAILDEK FDTLYAILDEKKSELLQR ITQEQEKKLSFIEALI KLSFIEALI KSELLQR VQTIITQLEDSR VQTIITQLEDSRR,218,0.0,0.0
HPRR3760765,1,2,1,3,0.64039662,HPRR3760765,[],['HPRR3760765'],HTSHLGHAVLPSNAR STSTGSAASSGSNSSASSEQGLLGR THEIIPINVNNNYEHR,219,0.0,0.0
HPRR3760825,1,5,6,6,3.6853617599999997,HPRR3760825,[],"['HPRR1951385', 'HPRR3760825']",IDPVPPPNEFVFNHWR LRIDPVPPPNEFVFNHWR VSYSSCKYSHLITSHQFQPSELIK YSHLITSHQFQPSELIK YWNHLQQNK YWNHLQQNKHNACANAAK,39,0.0,0.0
HPRR3760883,3,8,3,11,2.07290271,HPRR3760883,[],['HPRR3760883'],APHAMDRDWKESVASK APHAM[15.9949]DRDWKESVASK CLKQLFVTQNVVQQANGK EQLKTPSKGISETSNSALHFCK ETLTLGSR GISETSNSALHFCK QLFVTQNVVQQANGK Q[-17.0265]LFVTQNVVQQANGK TPPEKETLTLGSR TPPEKETLTLGSRK TPSKGISETSNSALHFCK,220,0.0,0.0
HPRR3761047,3,3,3,6,0.95397941,HPRR3761047,[],['HPRR3761047'],ASARPVGISEPK ASARPVGISEPKTSNLCGNR KMTEEYPALP SLIPPVPR TSASASLEATAMGTEK TSASASLEATAM[15.9949]GTEK,221,0.0,0.0
HPRR3761106,2,1,2,3,1.98684695,HPRR3761106,[],['HPRR3761106'],LYDPLYH MPTVLQCVNVSVVSEEVCSK SISIASQCPTAGNSCLVSGWGLLANGR,222,0.0,0.0
HPRR3761107,4,5,6,9,6.924514580000001,HPRR3761107,[],"['HPRR2390053', 'HPRR3761107']",AVIHPDYDAASHDQDIMLLR AVIHPDYDAASHDQDIM[15.9949]LLR DCSANTTSCHILGWGK ESSQEQSSVVR LARPAKLSELIQPLPLER LSELIQPLPLER LSELIQPLPLERDCSANTTSCHILGWGK TADGDFPDTIQCAYIHLVSR TADGDFPDTIQCAYIHLVSRE,98,0.0,0.0
HPRR3761220,2,2,2,4,1.63148772,HPRR3761220,[],['HPRR3761220'],CEVNVDDCLMRPCANGATCLDGINR CEVNVDDCLM[15.9949]RPCANGATCLDGINR CLVGFVGAR NGGQCQDDQGFALNFTCR,223,0.0,0.0
HPRR3770029,2,6,2,8,1.88299035,HPRR3770029,[],['HPRR3770029'],FSVCLFR FSVCLFRR IVACHFIKPR LEELHSQPTFFPGGLR LNIRLEELHSQPTFFPGGLR RIVACHFIKPR TLLDYWQALENSR TLLDYWQALENSRGEDCPPV,224,0.0,0.0
HPRR3770042,2,5,2,7,7.1083171,HPRR3770042,[],['HPRR3770042'],EDSTPLATLEFPPSEDR EDSTPLATLEFPPSEDRYTASGVHK GAVLGRPTLSVQQTPEGSLLAR GAVLGRPTLSVQQTPEGSLLARWEPPAGTAEDQVLGYR LQFGREDSTPLATLEFPPSEDR LQFGREDSTPLATLEFPPSEDRYTASGVHK WEPPAGTAEDQVLGYR,225,0.0,0.0
HPRR3770043,4,2,4,6,2.2321783799999997,HPRR3770043,[],['HPRR3770043'],FSVLPPTFHPGDQK FSVLPPTFHPGDQKQYGGFDNR QLEVPRPYIAAR QYGGFDNRGLEPGHR Q[-17.0265]LEVPRPYIAAR YVLFVLAVLQK,226,0.0,0.0
HPRR3780010,7,2,7,9,10.38023821,HPRR3780010,[],['HPRR3780010'],GLPPKRWEAEDTHLSCPEPTVFAFSPLR KWGVQDVNQDNYIDAFECMVCTK KWGVQDVNQDNYIDAFECM[15.9949]VCTK RWEAEDTHLSCPEPTVFAFSPLR RWEAEDTHLSCPEPTVFAFSPLRTPP VWANIR WEAEDTHLSCPEPTVFAFSPLR WEAEDTHLSCPEPTVFAFSPLRTPP WGVQDVNQDNYIDAFECMVCTK,227,0.0,0.0
HPRR3780084,3,4,3,7,3.04660404,HPRR3780084,[],['HPRR3780084'],EKLVCWVVSNWNPEHAR LVCWVVSNWNPEHAR NLIPTISTCKF SIEIHTYGQAFGEYVNDK SIEIHTYGQAFGEYVNDKNLIPTISTCKF VKYYNELSK YYNELSK,228,0.0,0.0
HPRR3780090,2,1,2,3,1.32360908,HPRR3780090,[],['HPRR3780090'],MTHNALENINVIGQGLK RRSSVSPHDVQQIQADPEPE SSVSPHDVQQIQADPEPE,229,0.0,0.0
HPRR3780093,4,2,4,6,6.042875540000001,HPRR3780093,[],['HPRR3780093'],DQPTFT HLEVVLNQSEACASESQPHSSALTAPSSPGSSWMKK HLEVVLNQSEACASESQPHSSALTAPSSPGSSWM[15.9949]KK LPTPEQIFQNIKQEYSR RLPTPEQIFQNIK RLPTPEQIFQNIKQEYSR,230,0.0,0.0
HPRR3790306,5,2,7,7,3.6305612199999997,HPRR3790306,[],"['HPRR1952070', 'HPRR3790306']",DGNGIVYNMLK KDGNGIVYNMLKK KTVGIYPNAQIYVTTEKR MSYCDGVFKK M[15.9949]SYCDGVFKK TVGIYPNAQIYVTTEK TVGIYPNAQIYVTTEKR,50,0.0,0.0
HPRR3790336,8,3,8,11,12.14538372,HPRR3790336,[],['HPRR3790336'],DAVLECCVSGYPPPSFTWLR DAVLECCVSGYPPPSFTWLRGEEVIQLR GEEVIQLR ILSDPGLHR KYSLLGGSN QLYFLQRPSNVVAIEGK QLYFLQRPSNVVAIEGKDAVLECCVSGYPPPSFTWLR QLYFLQRPSNVVAIEGKDAVLECCVSGYPPPSFTWLRGEEVIQLR Q[-17.0265]LYFLQRPSNVVAIEGK Q[-17.0265]LYFLQRPSNVVAIEGKDAVLECCVSGYPPPSFTWLRGEEVIQLR YSLLGGSN,231,0.0,0.0
HPRR3790495,4,1,4,5,3.97281556,HPRR3790495,[],['HPRR3790495'],GPAVPPELDKHFLLCEACG LLDHMAPPPVADQASPR LLDHM[15.9949]APPPVADQASPR VVHCQPLDLK VVHCQPLDLKGPAVPPELDKHFLLCEACG,232,0.0,0.0
HPRR3790667,7,2,7,9,9.844162569999998,HPRR3790667,[],['HPRR3790667'],CNQCGQDFSHKFDLIR CNQCGQDFSHKFDLIRHER EKQSNEFGKPFYHCASYVVTPFK GLEHNLDLLR GLEHNLDLLRYEK QSNEFGKPFYHCASYVVTPFK QSNEFGKPFYHCASYVVTPFKCNQCGQDFSHKFDLIR Q[-17.0265]SNEFGKPFYHCASYVVTPFK Q[-17.0265]SNEFGKPFYHCASYVVTPFKCNQCGQDFSHKFDLIR,233,0.0,0.0
HPRR3790889,2,2,2,4,2.52843697,HPRR3790889,[],['HPRR3790889'],HLSHSDAYVIR HLSHSDAYVIRI LAFRPCGNANPHK LAFRPCGNANPHKWVR,234,0.0,0.0
HPRR3830169,3,4,7,7,4.68996507,HPRR3830169,[],"['HPRR232666', 'HPRR3830169']",INTILEQVVILGK RYLIDCEVER RYLIDCEVERINTILEQVVILGK SVGNIKDVQEFR SVGNIKDVQEFRR YLIDCEVER YLIDCEVERINTILEQVVILGK,90,0.0,0.0
HPRR3830190,4,8,4,12,4.459041620000001,HPRR3830190,[],['HPRR3830190'],ATTNIIQPLLHAQWVL ERATTNIIQPLLHAQWVL LQSFRPLPEPLTVQLLTVPGEVFPPK LQSFRPLPEPLTVQLLTVPGEVFPPKVK VKYTFFVPNDVDFSMQSSK VKYTFFVPNDVDFSMQSSKER VKYTFFVPNDVDFSM[15.9949]QSSK VKYTFFVPNDVDFSM[15.9949]QSSKER YTFFVPNDVDFSMQSSK YTFFVPNDVDFSMQSSKER YTFFVPNDVDFSM[15.9949]QSSK YTFFVPNDVDFSM[15.9949]QSSKER,235,0.0,0.0
HPRR3830237,2,3,5,5,2.97889004,HPRR3830237,[],"['HPRR2490019', 'HPRR3830237']",KKPTWGRPSR KKPTWGRPSRDWR KWSLTPSPSAEAQRPEQLCK RKWSLTPSPSAEAQRPEQLCK WSLTPSPSAEAQRPEQLCK,108,0.0,0.0
HPRR3830287,4,2,4,6,2.9063810500000002,HPRR3830287,[],['HPRR3830287'],LPGVLSSGCELP NFRLPGVLSSGCELP TFDTTFSHFK TFDTTFSHFKNFR TFDTTFSHFKNFRLPGVLSSGCELP TGTQPLGVQGLTEEQR,236,0.0,0.0
HPRR3870078,1,5,1,6,3.03289606,HPRR3870078,[],['HPRR3870078'],ARSNPQVYMDIK IQMLLR IQM[15.9949]LLR SNPQVYMDIK SNPQVYM[15.9949]DIK TLEENKEEEGSEPPKAETQEGEPIAK,237,0.0,0.0
HPRR3870348,5,0,5,5,4.76948589,HPRR3870348,[],['HPRR3870348'],GDQNPQIAAHVISEASSK GYYTMSNNLVTLENGK GYYTMSNNLVTLENGKQL GYYTM[15.9949]SNNLVTLENGKQL TTSVLQWAEK,238,0.0,0.0
HPRR3880239,2,2,2,4,1.21685159,HPRR3880239,[],['HPRR3880239'],IPRPKPAPLT KIPRPKPAPLT LYKYDHNFVK YSNRLYKYDHNFVK,239,0.0,0.0
HPRR3890095,2,6,2,8,0.99417852,HPRR3890095,[],['HPRR3890095'],DQQGPGTLAQPAHVR LFPVPVDPGTPCR LFPVPVDPGTPCRLCR RLFPVPVDPGTPCR RLFPVPVDPGTPCRLCR TPRDQQGPGTLAQPAHVR VSIPLSILEPPHR VSIPLSILEPPHRYHIHR,240,0.0,0.0
HPRR3890559,2,2,2,4,5.8907741499999995,HPRR3890559,[],['HPRR3890559'],AVVVTGFGPFGEHTVNASWIAVQELEK KAVVVTGFGPFGEHTVNASWIAVQELEK LGLGDSVDLHVYEIPVEYQTVQR LIPALWEK,241,0.0,0.0
HPRR3890842,1,1,1,2,1.34481259,HPRR3890842,[],['HPRR3890842'],CASHLKPECDCGPLKDHILPPTTICPVVLQTLPTSGVSVPEER SGSQQPNKVIDKNK,242,0.0,0.0
HPRR3890843,4,3,7,7,6.18215519,HPRR3890843,[],"['HPRR2440465', 'HPRR3890843']",DVLEEFHGNGVLAK KLKDVLEEFHGNGVLAK LKDVLEEFHGNGVLAK QDILNQTIDFEGFK TFLEAELPDDFTAHL YNPEGKQDILNQTIDFEGFK YNPEGKQDILNQTIDFEGFKLFM[15.9949]K,104,0.0,0.0
HPRR390019,4,3,4,7,4.934718419999999,HPRR390019,[],['HPRR390019'],FVNTLHKDVNISLSTDTSLNVGEDYGVSAYR NWYSLVIR SQDFHFHLK TKSQDFHFHLK VTVVGNENNSLLIESIK YHNLSLYTEHSVQEK YHNLSLYTEHSVQEKNWYSLVIR,243,0.0,0.0
HPRR3910060,7,1,7,8,4.71673283,HPRR3910060,[],['HPRR3910060'],FRSTTIIFPK HFQDKVFYAPVPTITAYSETIVAAPNCTWR NYRSQLTLEPRPR SQLTLEPRPR STTIIFPK VFYAPVPTITAYSETIVAAPNCTWR VNPEPTHEIR YASEKHFQDKVFYAPVPTITAYSETIVAAPNCTWR,244,0.0,0.0
HPRR3920052,3,1,3,4,2.6961615400000003,HPRR3920052,[],['HPRR3920052'],DGCYHLETSTHHFLSHVDR DGCYHLETSTHHFLSHVDRLFSQPS IWVDAAVPCLEECGFLLHFR IWVDAAVPCLEECGFLLHFRDGCYHLETSTHHFLSHVDRLFSQPS,245,0.0,0.0
HPRR3920089,3,2,3,5,2.2961892,HPRR3920089,[],['HPRR3920089'],ALYPMAQCHLSR ALYPM[15.9949]AQCHLSR LLLM[15.9949]STDQEELSR VFGHSGGPCGGLLSLSFPHEK WYHSLTWAISS,246,0.0,0.0
HPRR3940080,2,3,2,5,1.07575727,HPRR3940080,[],['HPRR3940080'],FLENQDKLFR IFQECIETDISIQR QVTFVNSK TVTEASGHKYNPLGK VCQGDGQLQR,247,0.0,0.0
HPRR3950020,3,3,3,6,2.68348811,HPRR3950020,[],['HPRR3950020'],AAQPSPSTVPK AAQPSPSTVPKTEDQRPQ ITTRPDLPYEPPR ITTRPDLPYEPPRR NTGGAAFIFPNTSVYPEATQR SAWTGHGHPTPQSK,248,0.0,0.0
HPRR3950025,2,2,2,4,0.9612401100000001,HPRR3950025,[],['HPRR3950025'],CSSTLVTHSKGYENGTNR NKPLDPEMQCLLLS NKPLDPEM[15.9949]QCLLLS Q[-17.0265]ILKSEK,249,0.0,0.0
HPRR3950052,1,3,1,4,1.24602675,HPRR3950052,[],['HPRR3950052'],AMVEFATLDR AM[15.9949]VEFATLDR AVQSTINHVKEERPE Q[-17.0265]LNHYVK,250,0.0,0.0
HPRR3950112,4,9,4,13,5.47420843,HPRR3950112,[],['HPRR3950112'],AALSIER AALSIERR DEVWEER DEVWEERKPYK KDEVWEER KDEVWEERKPYK KRSTGVLLPLQNNELPGAEYQYK NFPTGTVPK NFPTGTVPKWDSHIR RSTGVLLPLQNNELPGAEYQYK STGVLLPLQNNELPGAEYQYK STGVLLPLQNNELPGAEYQYKKDEVWEER WDSHIR,251,0.0,0.0
HPRR3950217,2,2,2,4,3.0703974599999997,HPRR3950217,[],['HPRR3950217'],GAYAGITGNPSGWHSSSR HDSVDSGVSKGAYAGITGNPSGWHSSSR TAGDSWHQPSLFR TAGDSWHQPSLFRHDSVDSGVSK,252,0.0,0.0
HPRR3970041,3,7,3,10,1.19532641,HPRR3970041,[],['HPRR3970041'],EGKIVPVEITISLLKR EMDQTMAANAQK EMDQTMAANAQKNKFLIDGFPR FLIDGFPR IVPVEITISLLK IVPVEITISLLKR KNPDSQYGELIEK KNPDSQYGELIEKYIK NKFLIDGFPR NPDSQYGELIEK,253,0.0,0.0
HPRR3970058,2,4,2,6,5.1034722,HPRR3970058,[],['HPRR3970058'],QTGAELRPPPPEEDNPEVVRPHNGR QTGAELRPPPPEEDNPEVVRPHNGRVGGSPVR Q[-17.0265]TGAELRPPPPEEDNPEVVRPHNGR Q[-17.0265]TGAELRPPPPEEDNPEVVRPHNGRVGGSPVR SVSYQLSPLDSTTPHTLVHDK SVSYQLSPLDSTTPHTLVHDKAHHTLADLKR,254,0.0,0.0
HPRR4000109,2,0,2,2,1.4018410600000002,HPRR4000109,[],['HPRR4000109'],VIDLPGGGAAFVMEHLK VIDLPGGGAAFVM[15.9949]EHLK,255,0.0,0.0
HPRR4000204,4,3,4,7,2.5663731299999997,HPRR4000204,[],['HPRR4000204'],HPGYSTQTHVNDLMLVK HPGYSTQTHVNDLM[15.9949]LVK MNEYTVHLGSDTLGDR MNEYTVHLGSDTLGDRR M[15.9949]NEYTVHLGSDTLGDR SFRHPGYSTQTHVNDLMLVK SFRHPGYSTQTHVNDLM[15.9949]LVK,256,0.0,0.0
HPRR4000237,6,3,6,9,5.04143518,HPRR4000237,[],['HPRR4000237'],GISSSNEGVEEPSK GISSSNEGVEEPSKK ILSMAEGIK ILSMAEGIKVTDAPTYTTRDELVAK ILSM[15.9949]AEGIK ILSM[15.9949]AEGIKVTDAPTYTTRDELVAK RGISSSNEGVEEPSK VTDAPTYTTR VTDAPTYTTRDELVAK,257,0.0,0.0
HPRR4000324,2,3,2,5,3.4579677899999997,HPRR4000324,[],['HPRR4000324'],GDSGSPATWTTR GFVFTR HSQTTAIPSCPEGTVPLYSGFSFLFVQGNQR HSQTTAIPSCPEGTVPLYSGFSFLFVQGNQRA RGDSGSPATWTTR,258,0.0,0.0
HPRR4030012,1,4,1,5,0.90486026,HPRR4030012,[],['HPRR4030012'],LDEHQGEGTAPCTSSILQEK QRFPAQGSIEIHEDSEEGCPQR Q[-17.0265]RELYR Q[-17.0265]RFPAQGSIEIHEDSEEGCPQR RQRFPAQGSIEIHEDSEEGCPQR,259,0.0,0.0
HPRR4030022,5,4,5,9,4.16618968,HPRR4030022,[],['HPRR4030022'],LEGLIQPDDLINQLTFIMDANQTYLVSER LEGLIQPDDLINQLTFIMDANQTYLVSERLER LEGLIQPDDLINQLTFIMDANQTYLVSERLEREER LEGLIQPDDLINQLTFIM[15.9949]DANQTYLVSER NQTQVL VSQALRENTYPFLAMIMLK VSQALRENTYPFLAMIMLKDR VSQALRENTYPFLAMIM[15.9949]LK VSQALRENTYPFLAM[15.9949]IM[15.9949]LK,260,0.0,0.0
HPRR4030046,11,0,11,11,8.20546432,HPRR4030046,[],['HPRR4030046'],CQYYTASFSDYAK EEIKKLEVDEITLWYK ILEENKELENALK ILEENKELENALKNIQLPK KLEVDEITLWYK KLEVDEITLWYKM[15.9949] NIQLPK NIQLPKEEIK NIQLPKEEIKK YYALVCYGPGIPISTLHDGR YYALVCYGPGIPISTLHDGRTDQEIK,261,0.0,0.0
HPRR4030092,3,4,3,7,1.64411773,HPRR4030092,[],['HPRR4030092'],AEVTEEFKDPSDR AEVTEEFKDPSDRVMK AEVTEEFKDPSDRVM[15.9949]K AFHFTAMPK AFHFTAM[15.9949]PK IHRAEVTEEFKDPSDR LITSDVLEEMLNVHDHYQNMK,262,0.0,0.0
HPRR4030132,2,1,2,3,2.57142247,HPRR4030132,[],['HPRR4030132'],ALGTTNIDLPASLR GIGVSSNGAKPELSEK GIGVSSNGAKPELSEKVTEDGTR,263,0.0,0.0
HPRR4030177,7,0,7,7,4.903504870000001,HPRR4030177,[],['HPRR4030177'],AIVCISPLSTLGPSQAPITLAIDR ANISSPGLIYTYTQDPTVTR ANISSPGLIYTYTQDPTVTRLEPTWSIINGSTA DSECQFVR LEPTWSIINGSTA VTVTVRDSECQFVR VTVTVRDSECQFVRR,264,0.0,0.0
HPRR4030303,3,5,3,8,4.79374127,HPRR4030303,[],['HPRR4030303'],LELWAPAR LRYDSAVK QLSPFR QLSPFRETGQVLK QLSPFRETGQVLKLR Q[-17.0265]LSPFRETGQVLKLR VSSATNEALGRLELWAPAR YDSAVKVSSATNEALGRLELWAPAR,265,0.0,0.0
HPRR4030335,6,6,6,12,7.33547159,HPRR4030335,[],['HPRR4030335'],DPYCHPVCANR FSTSSLLLR IYADPTK IYADPTKR IYADPTKRLELYFRPK LELYFRPK LELYFRPKDPYCHPVCANR MLPTLGGEEGVSR MVCVEYPGVVR RLELYFRPK RLELYFRPKDPYCHPVCANR RM[15.9949]VCVEYPGVVRDVAK,266,0.0,0.0
HPRR4030352,2,6,2,8,4.90819942,HPRR4030352,[],['HPRR4030352'],DNTVSIIDEEQLR GDRRQPLWMYR ISERPSVYLAAR ISERPSVYLAARR QPLWMYR RQPLWMYR SKPSQIRDNTVSIIDEEQLR SKPSQIRDNTVSIIDEEQLRGDR,267,0.0,0.0
HPRR4030419,6,3,6,9,8.8438741,HPRR4030419,[],['HPRR4030419'],AFRKPSIFTLHK AFRKPSIFTLHKK KPSIFTLHK KTDIGEELPNCNQCETAFSQHLHLVCK KTDIGEELPNCNQCETAFSQHLHLVCKK KTSQNLHLVCK TDIGEELPNCNQCETAFSQHLHLVCK TDIGEELPNCNQCETAFSQHLHLVCKK TSQNLHLVCK,268,0.0,0.0
HPRR4030441,3,5,3,8,5.1551469999999995,HPRR4030441,[],['HPRR4030441'],HTVVVYCDRDTQLAR QLLNAITHPEIR QLLNAITHPEIRK Q[-17.0265]LLNAITHPEIRK RQLLNAITHPEIR RQLLNAITHPEIRK YVILDIPLLFETK YVILDIPLLFETKK,269,0.0,0.0
HPRR4030471,3,1,4,4,3.0477470600000003,HPRR4030471,[],"['HPRR2440760', 'HPRR4030471']",LAGDSFWYSILGGLWDFDYHPEFNQENHKR RYLGQVTLTHK STTSQNISDENQTHEM[15.9949]IM[15.9949]ER YLGQVTLTHK,105,0.0,0.0
HPRR4030528,6,1,6,7,5.55560148,HPRR4030528,[],['HPRR4030528'],AGIRTYHFR FPGNLLLNPFGISITSQSLNPGPFR FPGNLLLNPFGISITSQSLNPGPFRTPK GNVEKGWLA NPGVSPLAR STLAEFQVIMGR STLAEFQVIMGRK,270,0.0,0.0
HPRR4040007,3,3,3,6,2.52747083,HPRR4040007,[],['HPRR4040007'],GPIFELK GPLGPGGRGPIFELK LHVAAELVQGTVPLEVPQVKPK RTDDGKGLGM[15.9949]QLK SVAAGCPVLLGK SVAAGCPVLLGKDNPSP,271,0.0,0.0
HPRR4040265,4,1,4,5,4.78373013,HPRR4040265,[],['HPRR4040265'],CLYMWPSVPDEKGELLNPTGTVR CLYM[15.9949]WPSVPDEKGELLNPTGTVR GELLNPTGTVR KADCPIAWANLMLFDYKDQLK KADCPIAWANLM[15.9949]LFDYKDQLK,272,0.0,0.0
HPRR4040278,6,2,6,8,6.40428638,HPRR4040278,[],['HPRR4040278'],DSATAQAWFSAIHSNVNDLLTR HLGWLAEK HLGWLAEKVPGE QLEIHSPDAK Q[-17.0265]LEIHSPDAK SKDSATAQAWFSAIHSNVNDLLTR SMALADPENRQLEIHSPDAK VIAEVREQLGK,273,0.0,0.0
HPRR4040559,9,1,10,10,7.41180703,HPRR4040559,[],"['HPRR2250253', 'HPRR4040559']",DGVGVGVSCMAQDCPLR DGVGVGVSCMAQDCPLRTPEDFVFPLL DGVGVGVSCM[15.9949]AQDCPLR DGVGVGVSCM[15.9949]AQDCPLRTPEDFVFPLL ENLLSLACQHQFCR KENLLSLACQHQFCR SCWEQHCSVLVK SCWEQHCSVLVKDGVGVGVSCM[15.9949]AQDCPLRTPEDFVFPLL TPEDFVFPLL VQPNPSK,73,0.0,0.0
HPRR4050190,2,1,2,3,1.16296885,HPRR4050190,[],['HPRR4050190'],LKEFGTAR VAEGIYECK VAEGIYECKEK,274,0.0,0.0
HPRR4050261,5,1,5,6,5.55344512,HPRR4050261,[],['HPRR4050261'],AFQDADVTCVFHIAS ESVLITGGSGYFGFR FIQGDIR HLSDVEKAFQDADVTCVFHIAS LGCALNQNGVHVILFDISSPAQTIPEGIK LGCALNQNGVHVILFDISSPAQTIPEGIKFIQGDIR,275,0.0,0.0
HPRR4050491,4,2,4,6,6.93974102,HPRR4050491,[],['HPRR4050491'],KSQGLWSDYSDNLK KSQGLWSDYSDNLKYDHTTACTQQDSLSCPWECETK SQGLWSDYSDNLK SQGLWSDYSDNLKYDHTTACTQQDSLSCPWECETK SQGLWSDYSDNLKYDHTTACTQQDSLSCPWECETKGESQ YDHTTACTQQDSLSCPWECETKGESQ,276,0.0,0.0
HPRR4050590,9,4,9,13,4.5635076,HPRR4050590,[],['HPRR4050590'],ALVETHLR DGSLLEVEK DGSLLEVEKVSLQQR LCVEKSDLETELR LCVEKSDLETELREMR LNQFQHELQK LNQFQHELQKNKEQEEQLGEMIQAYEK NKEQEEQLGEMIQAYEK NKEQEEQLGEMIQAYEKLCVEK QICGLE Q[-17.0265]ICGLE SDLETELR VSLQQR,277,0.0,0.0
HPRR4060128,6,2,6,8,6.39910852,HPRR4060128,[],['HPRR4060128'],EIGPNDGFLAQLCQLNDR EIGPNDGFLAQLCQLNDRLAK EIGPNDGFLAQLCQLNDRLAKEGK QNREIGPNDGFLAQLCQLNDR QNREIGPNDGFLAQLCQLNDRLAK Q[-17.0265]NREIGPNDGFLAQLCQLNDRLAK SALSIVR SALSIVRQNR,278,0.0,0.0
HPRR4060158,4,2,4,6,2.44339139,HPRR4060158,[],['HPRR4060158'],ALLAFQESK LIQEAPKPECEK LIQEAPKPECEKALLAFQESK NLCEAMENFMQQLK YSLELK YSLELKK,279,0.0,0.0
HPRR4060165,5,5,5,10,5.47783823,HPRR4060165,[],['HPRR4060165'],DPEAFLVQIVSK GLAVEVGEDFNIK GTQRDPEAFLVQIVSK LLNAFIVAEK QKGLAVEVGEDFNIK Q[-17.0265]KGLAVEVGEDFNIK SQLPSENR SQLPSENREGK SQLPSENREGKVLWTG VIFSTLLGMK,280,0.0,0.0
HPRR4080136,2,1,3,3,1.2135563500000002,HPRR4080136,[],"['HPRR3071109', 'HPRR4080136']",GFIMLTR GFIM[15.9949]LTR GLISDQCGSSR,165,0.0,0.0
HPRR4110123,4,1,4,5,2.68499505,HPRR4110123,[],['HPRR4110123'],ASDDLTALAQIMTIR ASDDLTALAQIM[15.9949]TIR EVPAQDLR GSRETIQAAKTFGK SILCSKEVPAQDLR,281,0.0,0.0
HPRR4110155,5,1,6,6,8.031092899999999,HPRR4110155,[],"['HPRR220635', 'HPRR4110155']",LTTVDIVTLR RWNQTCELLPVSQASWACNLILGAPDSQK RWNQTCELLPVSQASWACNLILGAPDSQKLTTVDIVTLR WNQTCELLPVSQASWACNLILGAPDSQK WNQTCELLPVSQASWACNLILGAPDSQKLTTVDIVTLR WRVMAIQ,69,0.0,0.0
HPRR4110213,1,3,1,4,1.29361195,HPRR4110213,[],['HPRR4110213'],GNFVPQGWVLPPLPSNDIWATAVKL HDWDQYLVPSDHPK QYYLQAEHSLPALIQIR Q[-17.0265]YYLQAEHSLPALIQIR,282,0.0,0.0
HPRR4110252,6,1,6,7,4.2516369,HPRR4110252,[],['HPRR4110252'],EEGCTQENTESEYYAK EIHKFDMIQGLAEHNELAVCPK EIHKFDM[15.9949]IQGLAEHNELAVCPK FNVSSVEK FNVSSVEKNR VLRVPNPSSK VLRVPNPSSKR,283,0.0,0.0
HPRR4110358,6,0,6,6,4.19801168,HPRR4110358,[],['HPRR4110358'],ITRYFPDETINACK SDVQNTQLTVETTNIEGTISYPLEETKITR SFVYSR TDVIHGQDKSDVQNTQLTVETTNIEGTISYPLEETK TDVIHGQDKSDVQNTQLTVETTNIEGTISYPLEETKITR YFPDETINACK,284,0.0,0.0
HPRR4110422,2,1,2,3,3.50831997,HPRR4110422,[],['HPRR4110422'],ESLAGFLLSVSATTR QENVTVFGCLTHEVPLSLGDAAVTCSK Q[-17.0265]ENVTVFGCLTHEVPLSLGDAAVTCSK,285,0.0,0.0
HPRR4120086,1,3,1,4,0.39767383,HPRR4120086,[],['HPRR4120086'],GAFAKDLGPYVL GNFWAVDVSLIPAEALR LQNTALCR LQNTALCRR,286,0.0,0.0
HPRR4120251,5,3,5,8,4.67916127,HPRR4120251,[],['HPRR4120251'],CKGQLLIFGATNWDLIGR CKGQLLIFGATNWDLIGRK GQLLIFGATNWDLIGR GQLLIFGATNWDLIGRK NLGQNLWGPHR NLGQNLWGPHRYGCLAGVR TVVSGSCAAHSLLITTEG YGCLAGVR,287,0.0,0.0
HPRR4160302,3,6,3,9,5.327695459999999,HPRR4160302,[],['HPRR4160302'],DIGEGAFGR ESAAVTLTTLPSELLLDR ESAAVTLTTLPSELLLDRLHPNPMYQR ESAAVTLTTLPSELLLDRLHPNPM[15.9949]YQR LLSLEYPR LLSLEYPRNNIEYVR MPLLLNPK NNIEYVR NNIEYVRDIGEGAFGR,288,0.0,0.0
HPRR4160392,13,0,13,13,8.643283660000002,HPRR4160392,[],['HPRR4160392'],FLESTDSFNNELK FLESTDSFNNELKR KFLESTDSFNNELK KFLESTDSFNNELKR KLEAELLQIEER KLEAELLQIEERHQEK LCGLKVEVDMEK LCGLKVEVDM[15.9949]EK LCGLKVEVDM[15.9949]EKIAA LEAELLQIEER QVQSLMVHQR Q[-17.0265]VQSLMVHQR RQVQSLMVHQR,289,0.0,0.0
HPRR4160447,2,1,2,3,2.1345921900000002,HPRR4160447,[],['HPRR4160447'],DPDANWDSPSR SKSPRDPDANWDSPSR SSSPGKPQAVSSLNSSHSR,290,0.0,0.0
HPRR4160484,1,2,1,3,1.61982988,HPRR4160484,[],['HPRR4160484'],NAYHNVTAEQLFLKDIIEK SPLHYYGNATM[15.9949]SLM[15.9949]NK YNFSDLK,291,0.0,0.0
HPRR4160492,3,1,3,4,3.13307307,HPRR4160492,[],['HPRR4160492'],ESAEGPPPLYNTNHDFK ESAEGPPPLYNTNHDFKFSYSEINFQDLSWSFR FSYSEINFQDLSWSFR SSSSSQHGFSSLLGDIPPSNNYY,292,0.0,0.0
HPRR4160683,3,4,3,7,2.6079930000000004,HPRR4160683,[],['HPRR4160683'],AYISMHSYSQHIVFPYSYTR AYISM[15.9949]HSYSQHIVFPYSYTR NTRYTHGHGSETLYLAPGGGDDWIYDLGIKY SKDHEELSLVASEAVR SKSKDHEELSLVASEAVR YTHGHGSETLYLAPGGGDDWIYDLGIK YTHGHGSETLYLAPGGGDDWIYDLGIKY,293,0.0,0.0
HPRR4160788,5,4,5,9,2.8135161799999997,HPRR4160788,[],['HPRR4160788'],EDQIFSTEVR GNETQLMLNSLQPNK GNETQLMLNSLQPNKVYR GNETQLM[15.9949]LNSLQPNKVYR ISAGTAAGFGAPSQWMHHR TPSMHNQSHVPFAPAELK TPSMHNQSHVPFAPAELKVQAK TPSM[15.9949]HNQSHVPFAPAELK TPSM[15.9949]HNQSHVPFAPAELKVQAK,294,0.0,0.0
HPRR4180065,1,1,2,2,2.66183838,HPRR4180065,[],"['HPRR1060049', 'HPRR4180065']",AGHFQNTSSPSAR CENQGLVEAAPGTAQSDTTCK,1,0.0,0.0
HPRR4180150,12,0,12,12,8.243817009999999,HPRR4180150,[],['HPRR4180150'],AASGTQNNVLRGEPFIR FSSHGCKELENALK GEPFIR GEPFIRGGGAGFISGLSYLELDNPAGNK GGGAGFISGLSYLELDNPAGNK GGGAGFISGLSYLELDNPAGNKR GGGAGFISGLSYLELDNPAGNKRR LKQNDFNSVEEK QNDFNSVEEK RYSAWAESVTNLP SSGWHFVVK YSAWAESVTNLP,295,0.0,0.0
HPRR4190087,5,2,5,7,3.2946547699999997,HPRR4190087,[],['HPRR4190087'],DM[15.9949]SLKDSGSDLSHRPK FHESYNF NTADHDESPPRTPTGNAPSSESDIDISSPNVSHDESIAK RFHESYNF SSGSETEQVVDFSDR SSGSETEQVVDFSDRETK TPTGNAPSSESDIDISSPNVSHDESIAK,296,0.0,0.0
HPRR4190113,2,5,2,7,3.43725463,HPRR4190113,[],['HPRR4190113'],GSKQFEYDIK NSSFGFDINK NSSFGFDINKEK QFEYDIK Q[-17.0265]FEYDIKTK TNTWFQCK TNTWFQCKEPK,297,0.0,0.0
HPRR4190190,1,8,1,9,0.66898154,HPRR4190190,[],['HPRR4190190'],DAFPEAIIVKPSDIFGR DAFPEAIIVKPSDIFGREDR DAFPEAIIVKPSDIFGREDRFLNSFASMHR DAFPEAIIVKPSDIFGREDRFLNSFASM[15.9949]HR FIHVSHLNANIK FLNSFASMHR FLNSFASM[15.9949]HR VVRDAFPEAIIVKPSDIFGR VVRDAFPEAIIVKPSDIFGREDR,298,0.0,0.0
HPRR4190307,3,4,3,7,2.12736532,HPRR4190307,[],['HPRR4190307'],ASPCELCHQLIVGNSK LHSFQEHVFK LHSFQEHVFKR NFSSPLLVHEP RASPCELCHQLIVGNSK RNFSSPLLVHEP VSVHLWCSEEISHQQCPGK,299,0.0,0.0
HPRR4190550,4,2,4,6,1.41639219,HPRR4190550,[],['HPRR4190550'],DLLEVPEIK DLLEVPEIKTEGDK DLLEVPEIKTEGDKFIPCENR TEGDKFIPCENR TEGDKFIPCENRCDSETER YVLTDHKKDLLEVPEIK,300,0.0,0.0
HPRR4190863,4,1,4,5,5.55867223,HPRR4190863,[],['HPRR4190863'],EEAGADAFPEHR MNWATATSYSTSVQCWAPTSSWR M[15.9949]NWATATSYSTSVQCWAPTSSWR NLPWAWQAQWPHWSWLQL QCWLIWDHAEPGWPHR,301,0.0,0.0
HPRR4220263,2,6,2,8,1.44998387,HPRR4220263,[],['HPRR4220263'],LIIDFLASVHNTDNNK LIIDFLASVHNTDNNKKLD QDQVLDVSGADMLAK QDQVLDVSGADM[15.9949]LAK SIANCQVELLENCGHSVVMERPR SIANCQVELLENCGHSVVMERPRK SIANCQVELLENCGHSVVM[15.9949]ERPR SIANCQVELLENCGHSVVM[15.9949]ERPRK,302,0.0,0.0
HPRR4240053,1,7,1,8,1.00578933,HPRR4240053,[],['HPRR4240053'],KSLLPTLEK KSLLPTLEKK SLDLNKNEYLSLDK SLLPTLEK SLLPTLEKK SSTSDSVDEENVPEKDLHGRL VSETESFDGNSSK VSETESFDGNSSKGGLGKEESQNEK,303,0.0,0.0
HPRR4280057,4,7,4,11,6.737434820000001,HPRR4280057,[],['HPRR4280057'],DLSQAQLQHYMK DLSQAQLQHYMKESAQLLSEK DLSQAQLQHYM[15.9949]K DLSQAQLQHYM[15.9949]KESAQLLSEK ESAQLLSEK IAFKTSDFSR LVVPAVEK LVVPAVEKYPSGVAFK NKLVVPAVEK NKLVVPAVEKYPSGVAFK YPSGVAFK,304,0.0,0.0
HPRR4280132,1,3,1,4,0.57006746,HPRR4280132,[],['HPRR4280132'],FCGQQNPPVIK FFADGELESMGFSAR FLWIK YNFTPDPDFKD,305,0.0,0.0
HPRR4280170,6,2,6,8,9.84081685,HPRR4280170,[],['HPRR4280170'],CILFPPDQFECLYPYPVHHPCDR CILFPPDQFECLYPYPVHHPCDRQSQVDFD GWGQLTSNLLLIGMEGNVTPAHYDEQQNFFAQIK GWGQLTSNLLLIGM[15.9949]EGNVTPAHYDEQQNFFAQIK Q[-17.0265]SQVDFD RCILFPPDQFECLYPYPVHHPCDR RGWGQLTSNLLLIGMEGNVTPAHYDEQQNFFAQIK RGWGQLTSNLLLIGM[15.9949]EGNVTPAHYDEQQNFFAQIK,306,0.0,0.0
HPRR4290148,6,4,6,10,3.5457313299999997,HPRR4290148,[],['HPRR4290148'],FYLENLTLGIR IVSLDPSEAGPPR SIHIVVTMAK SIHIVVTM[15.9949]AK SLENSVENK SLENSVENKIVSLDPSEAGPPR VLLPLTYER YKFYLENLTLGIR YLGDRYK YLGDRYKFYLENLTLGIR,307,0.0,0.0
HPRR4290343,2,1,2,3,1.31361557,HPRR4290343,[],['HPRR4290343'],CSHLLVK VYYFNHITNASQWERPSGNSSSGGK VYYFNHITNASQWERPSGNSSSGGKNGQGEPAR,308,0.0,0.0
HPRR4290976,2,1,2,3,1.98216742,HPRR4290976,[],['HPRR4290976'],ALWPACLHGSSTLAVCQTHLK ALWPACLHGSSTLAVCQTHLKS VSCLETLGFSAAGVAGPENR,311,0.0,0.0
HPRR4310063,8,2,8,10,10.69096888,HPRR4310063,[],['HPRR4310063'],EGDLVKIDLGVHVDGFIA GIAFPTSISVNNCVCHFSPLK GIAFPTSISVNNCVCHFSPLKSDQDYILK GIAFPTSISVNNCVCHFSPLKSDQDYILKEGDLVK IDLGVHVDGFIA KGIAFPTSISVNNCVCHFSPLK KGIAFPTSISVNNCVCHFSPLKSDQDYILK SDQDYILK SDQDYILKEGDLVK SDQDYILKEGDLVKIDLGVHVDGFIA,316,0.0,0.0
HPRR4320123,6,1,6,7,6.469705169999999,HPRR4320123,[],['HPRR4320123'],ATDWEATNEAIEEQVAR ATDWEATNEAIEEQVARESYLQWLR ATDWEATNEAIEEQVARESYLQWLRDQEK ESYLQWLR ESYLQWLRDQEK ESYLQWLRDQEKQAR TSEESWIEQQMLEDKKR,326,0.0,0.0
HPRR4320381,3,3,6,6,2.8761893900000004,HPRR4320381,[],"['HPRR140746', 'HPRR4320381']",FSDISEK LQGLYDSLR LRNITIANHEGTLE NITIANHEGTLE QYQKLQGLYDSLR VLEEYKK,7,0.0,0.0
HPRR4320417,2,1,2,3,2.96480523,HPRR4320417,[],['HPRR4320417'],LANSTASVSR STSVSSQPVGPGSLLSSCCPR TTCHEFTDELTFSEALGAVSPGGR,338,0.0,0.0
HPRR4320428,1,0,1,1,0.62090222,HPRR4320428,[],['HPRR4320428'],LSAPGCWAACTNFSR,340,0.0,0.0
HPRR4320671,1,0,1,1,0.76340809,HPRR4320671,[],['HPRR4320671'],VVGWGLGSASPEGQK,350,0.0,0.0
HPRR4340029,5,1,6,6,5.51864084,HPRR4340029,[],"['HPRR232684', 'HPRR4340029']",KSSSGNENDEQDSDNANMSTQSPVS KSSSGNENDEQDSDNANM[15.9949]STQSPVS Q[-17.0265]IRKEYFK SVSADEVNSPLSPLTWQPLENQK SVSADEVNSPLSPLTWQPLENQKDQIDEQPWPESHPIIWQSEER SVSADEVNSPLSPLTWQPLENQKDQIDEQPWPESHPIIWQSEERR,91,0.0,0.0
HPRR4340107,3,1,3,4,1.87728348,HPRR4340107,[],['HPRR4340107'],AAPAAGSRPVCGGVPEPTGLDAACTK APAEFPSAK LFEPTTPAPPLRPPDSLSR LQSLQR,358,0.0,0.0
HPRR4350010,2,3,2,5,0.61173685,HPRR4350010,[],['HPRR4350010'],SQDFHFHLK TKSQDFHFHLK VEAAVEIKINEMAPAQPGPQEVFLQVLNLADDEVK VTVVGNENNSLLIESIK YHNLSLYTE,359,0.0,0.0
HPRR4350017,1,9,6,10,9.02131386,HPRR4350017,[],"['HPRR2390048', 'HPRR4350017']",ASEEDHTNAACFACILLSHGEENVIYGK ASEEDHTNAACFACILLSHGEENVIYGKDGVTPIKDLTAHFR DGVTPIKDLTAHFR DLTAHFR KASEEDHTNAACFACILLSHGEENVIYGK NFDKVTGMGVR NFDKVTGM[15.9949]GVR NGTDKDAEALFK NGTDKDAEALFKCFR SLGFDVIVYNDCSCAK,95,0.0,0.0
HPRR4350028,2,7,2,9,1.9063025900000001,HPRR4350028,[],['HPRR4350028'],FCHPIYFPPR FCHPIYFPPRR IHTSPSQSYR RWFHSSCYQPFCR SRFCHPIYFPPR SRFCHPIYFPPRR WFHSSCYQPFCR YLNYR YLNYRIHTSPSQSYR,360,0.0,0.0
HPRR4350071,8,2,8,10,2.90662448,HPRR4350071,[],['HPRR4350071'],APKDNSLYSVLK CTDLAPLSQK CTDLAPLSQKFHK DNSLYSVLK ETLTDEMGSK ETLTDEM[15.9949]GSKYSAFGK FHKFDSCE IWHIDNQMDRYQGNQDR QVTVISR VLRQVTVISR,361,0.0,0.0
HPRR4350081,4,2,4,6,4.40318688,HPRR4350081,[],['HPRR4350081'],CRM[15.9949]CHLQFPGEK MCHLQFPGEK M[15.9949]CHLQFPGEK NDAVNEIVAVK NDAVNEIVAVKNNFPVIEIVR NNFPVIEIVR,363,0.0,0.0
HPRR4350096,3,0,3,3,1.7010054399999999,HPRR4350096,[],['HPRR4350096'],AHDWVEEDQTVVSVDVAK RAHDWVEEDQTVVSVDVAK TIEEVYM[15.9949]SSIESLAE,364,0.0,0.0
HPRR4370542,3,6,3,9,6.20071268,HPRR4370542,[],['HPRR4370542'],DNWQAFEK DNWQAFEKNTHNNNK GPCLVIQR IADKYLLAMTFVYFK IADKYLLAM[15.9949]TFVYFK LFDDDLIQDFLWMDCCCK RPICKDNWQAFEK RPICKDNWQAFEKNTHNNNK RPKGPCLVIQR,365,0.0,0.0
HPRR4390277,4,4,4,8,7.11013374,HPRR4390277,[],['HPRR4390277'],ELPQKIVGENSLEYS GEFSQPILEEDSLFESLEYLKK GEFSQPILEEDSLFESLEYLKKGSEQQLSQK KELPQKIVGENSLEYS VFEASSLECSLEYMK VFEASSLECSLEYMKK VFEASSLECSLEYM[15.9949]K VFEASSLECSLEYM[15.9949]KK,366,0.0,0.0
HPRR4390367,2,2,2,4,1.14145978,HPRR4390367,[],['HPRR4390367'],LTDSLFLWVGATPHLR LWEQLVHFHVMR NLAVAMCSR YDSIPVSTSLLGDTSDT,367,0.0,0.0
HPRR4420016,4,6,4,10,3.05960717,HPRR4420016,[],['HPRR4420016'],DVSLTIE GSCSLFTCQNGIVWTNGTHVTYR GSCSLFTCQNGIVWTNGTHVTYRK LLGDLSR LLGDLSRR RDVSLTIE VGGEAGPSVTLPCHYSGAVTSMCWNR VGGEAGPSVTLPCHYSGAVTSM[15.9949]CWNR YKLLGDLSR YKLLGDLSRR,368,0.0,0.0
HPRR4420246,9,2,9,11,6.7654292400000005,HPRR4420246,[],['HPRR4420246'],ACGLSFSVFR ACGLSFSVFRK CSTCHLLQETAFQRPQLMR CSTCHLLQETAFQRPQLM[15.9949]R DFCSVCSVLQENLR DFCSVCSVLQENLRR HVCCDCKKDFCSVCSVLQENLR KDFCSVCSVLQENLR KDFCSVCSVLQENLRR LKVKDL RCSTCHLLQETAFQRPQLM[15.9949]R,370,0.0,0.0
HPRR4420307,1,3,1,4,0.58832484,HPRR4420307,[],['HPRR4420307'],HLIRQGAELDAR QTAPLAIATAR Q[-17.0265]TAPLAIATAR TKQTAPLAIATAR,371,0.0,0.0
HPRR4430109,1,3,1,4,0.74080474,HPRR4430109,[],['HPRR4430109'],DLKSCNRPCVWSR FLRPWYF LLKPNSSLSNLETAYFPQNLR SCNRPCVWSR,372,0.0,0.0
HPRR4440122,8,3,8,11,7.89386235,HPRR4440122,[],['HPRR4440122'],HFWTPK KQSHPEIISYLEK QQTDFLDIYHAFR QQTDFLDIYHAFRK QSHPEIISYLEK Q[-17.0265]QTDFLDIYHAFR Q[-17.0265]QTDFLDIYHAFRK Q[-17.0265]SHPEIISYLEK VIPLISDAGLR VIPLISDAGLRWR WRLTDLCTK,373,0.0,0.0
HPRR4440366,2,0,2,2,1.09622739,HPRR4440366,[],['HPRR4440366'],EFYELDLSLLAPYSVDQSLSTAACLR VLILLGGNALSPK,374,0.0,0.0
HPRR4470196,3,5,3,8,2.38279634,HPRR4470196,[],['HPRR4470196'],ISTAEILHSR LSISSGFSGSHLESQYFE NRSQGNIISYK RISTAEILHSR RLSISSGFSGSHLESQYFE RRISTAEILHSR SQGNIISYK SQGNIISYKR,375,0.0,0.0
HPRR4470205,2,1,2,3,1.4785042499999999,HPRR4470205,[],['HPRR4470205'],GVLQQIPTER KSILEGTYSVPPHVSEPCHR SILEGTYSVPPHVSEPCHR,376,0.0,0.0
HPRR4470317,3,0,3,3,1.31517961,HPRR4470317,[],['HPRR4470317'],GVQELLLK LWQIQHHLMVR LWQIQHHLM[15.9949]VR,377,0.0,0.0
HPRR4520044,2,1,2,3,2.44498696,HPRR4520044,[],['HPRR4520044'],IVVHPYWNSDNVAAGYDIALLR IVVHPYWNSDNVAAGYDIALLRL VVAGDHNLSQNDGTEQYVSVQK,378,0.0,0.0
HPRR4520046,8,0,8,8,5.586471660000001,HPRR4520046,[],['HPRR4520046'],APPFVAR AWQEKNHPWLELSDVHR AWQEKNHPWLELSDVHRETTENIR ETLRAWQEK FLLYDQTK FLLYDQTKAPPFVAR NHPWLELSDVHR NHPWLELSDVHRETTENIR,379,0.0,0.0
HPRR4530049,2,4,2,6,1.35326971,HPRR4530049,[],['HPRR4530049'],AISSIGLECQSVTSR AISSIGLECQSVTSRGDLATCPR GDLATCPR IQEVAGSLIFR TLCSMEEAINER TLCSM[15.9949]EEAINER,380,0.0,0.0
HPRR4530051,2,0,2,2,2.20822131,HPRR4530051,[],['HPRR4530051'],SADEGQTVFYTCTNCK SADEGQTVFYTCTNCKFQEKEDS,381,0.0,0.0
HPRR4540014,3,1,3,4,3.23286946,HPRR4540014,[],['HPRR4540014'],HFQDKVFYAPVPTVTAYSETIVAAPNCTWR VFYAPVPTVTAYSETIVAAPNCTWR VNPEPTHEIR YASEKHFQDKVFYAPVPTVTAYSETIVAAPNCTWR,382,0.0,0.0
HPRR500030,4,3,4,7,3.0706796699999996,HPRR500030,[],['HPRR500030'],ETFPFTSSMLR LQQEWLEWEDR LQQEWLEWEDRRR QTAPLAIATAR Q[-17.0265]TAPLAIATAR RETFPFTSSMLR TKQTAPLAIATAR,383,0.0,0.0
HPRR500083,8,2,8,10,8.24992566,HPRR500083,[],['HPRR500083'],DSSDQRHFFTLSVK FDCVLK HFFTLSVK IQCEGGSFSLQSDPRSTQPVPR KLQESGFYWSAVTGGEANLLLSAEPAGTFLIR KLQESGFYWSAVTGGEANLLLSAEPAGTFLIRDSSDQR LVHHYMPPPGAPSFPSPPTEPSSEVPEQPS LVHHYM[15.9949]PPPGAPSFPSPPTEPSSEVPEQPS SEYQLVVNAVR SEYQLVVNAVRK,384,0.0,0.0
HPRR540010,5,8,5,13,9.1305239,HPRR540010,[],['HPRR540010'],ALSSDSFGEEQSTTYLPEASGSVLK APHAMDRDWKESVASK APHAM[15.9949]DRDWKESVASK CLKQLFVTQNVVQQANGK EQLKTPSKGISETSNSALHFCK ETLTLGSCKEQLKTPSK GISETSNSALHFCK LSAEVPVASSPITTR QLFVTQNVVQQANGK Q[-17.0265]LFVTQNVVQQANGK RLSAEVPVASSPITTR TPPEKETLTLGSCK TPSKGISETSNSALHFCK,385,0.0,0.0
HPRR540013,10,1,10,11,9.76483521,HPRR540013,[],['HPRR540013'],ARGDLGAFSR CSHLLVK GDLGAFSR GQMQKPFEDASFALR GQM[15.9949]QKPFEDASFALR IKSGEEDFESLASQFSDCSSAK SGEEDFESLASQFSDCSSAK TGEMSGPVFTDSGIHIILR TGEMSGPVFTDSGIHIILRTE TGEM[15.9949]SGPVFTDSGIHIILR TKEEALELINGYIQK,386,0.0,0.0
HPRR590037,7,8,7,15,9.63543013,HPRR590037,[],['HPRR590037'],DAFPEAIIVKPSDIFGR DAFPEAIIVKPSDIFGREDR DAFPEAIIVKPSDIFGREDRFLNSFASMHR DAFPEAIIVKPSDIFGREDRFLNSFASM[15.9949]HR FGPIPLGSLGWK FLNSFASMHR FLNSFASM[15.9949]HR GIVNAVKDPDANGK GIVNAVKDPDANGKSFAFVGPSR SFAFVGPSR TVKQPVYVVDVSK VVRDAFPEAIIVKPSDIFGR VVRDAFPEAIIVKPSDIFGREDR YIFAVAH YLLFHLVK,387,0.0,0.0
HPRR640048,9,2,9,11,5.51264527,HPRR640048,[],['HPRR640048'],DLCSLK DLPIEDQISLLK GIISFAK LPGVLSSGCELPESLQAPSREEAAK LPGVLSSGCELPESLQAPSREEAAKWSQVR NFRLPGVLSSGCELPESLQAPSREEAAK TFDTTFSHFK TFDTTFSHFKNFR VISYFR VISYFRDLPIEDQISLLK VSLQLR,388,0.0,0.0
HPRR650006,11,0,11,11,10.971997629999999,HPRR650006,[],['HPRR650006'],ALPHFILVECCK LIVAVHFENCQDVFSFQVSPNMNPIKVNELAIQK LIVAVHFENCQDVFSFQVSPNMNPIKVNELAIQKR LTIHGKEDEVSPYDYVLQVSGR LTIHGKEDEVSPYDYVLQVSGRVEYVFGDHPLIQFQYIR NSSNLPLPLPPK NSSNLPLPLPPKK NSSNLPLPLPPKKTR RLTIHGKEDEVSPYDYVLQVSGR VEYVFGDHPLIQFQYIR VNELAIQK,389,0.0,0.0
HPRR650016,5,4,5,9,6.80793407,HPRR650016,[],['HPRR650016'],AVASFLR AVASFLRR AYISMHSYSQHIVFPYSYTR AYISM[15.9949]HSYSQHIVFPYSYTR HWCEEGASSSSCSETYCGLYPESEPEVK SFYANNHCIGTDLNR SFYANNHCIGTDLNRNFASK SKDHEELSLVASEAVR SKSKDHEELSLVASEAVR,390,0.0,0.0
HPRR670080,6,1,6,7,4.36718557,HPRR670080,[],['HPRR670080'],ALRSETELLLSGK DMEQELAHAVNASSK EIAQSHRDMEQELAHAVNASSK MALQLDPPQKEQLGSALAEMDR SETELLLSGK TTEGLNCSFVLEMVNNFR TTEGLNCSFVLEM[15.9949]VNNFR,391,0.0,0.0
HPRR670317,4,9,4,13,2.8387770800000003,HPRR670317,[],['HPRR670317'],EAGALDRLLDLPAAASSEDIE ELRPEDDMKPGSFDR ELRPEDDM[15.9949]KPGSFDR GWTLNSAGYLLGPHAVGNHR LLDLPAAASSEDIE RELRPEDDMKPGSFDR RELRPEDDM[15.9949]KPGSFDR RGWTLNSAGYLLGPHAVGNHR SFSDKNGLTSKR SIPENNIMR SIPENNIM[15.9949]R TIIEFLSFLHLK TIIEFLSFLHLKEAGALDR,392,0.0,0.0
HPRR680239,6,2,6,8,6.44794175,HPRR680239,[],['HPRR680239'],LSQSSQDSSPVR LSQSSQDSSPVRNLQSFGTEEPAYSTR NLQSFGTEEPAYSTR NLQSFGTEEPAYSTRR NTADHDESPPRTPTGNAPSSESDIDISSPNV SSGSETEQVVDFSDR SSGSETEQVVDFSDRETK TPTGNAPSSESDIDISSPNV,393,0.0,0.0
HPRR1370116,1,0,1,1,0.25946885,HPRR1370116,[],['HPRR1370116'],ADLLHIK,5,0.002840909090909091,0.002793296089385475
HPRR3640011,2,4,2,6,0.29104172,HPRR3640011,[],['HPRR3640011'],EQCTYFDASFSPMNQHFLLFCEGPRVPVVSLHSTDNPAK QCISCNFMK VPVVSLHSTDNPAK YFILESNSMLK YFILESNSMLKEAILK YFILESNSM[15.9949]LKEAILK,178,0.002857142857142857,0.002793296089385475
HPRR3730415,2,7,2,9,0.23103606,HPRR3730415,[],['HPRR3730415'],EIFTGEEGPESSEFSLSPNLDAQQK EIFTGEEGPESSEFSLSPNLDAQQKIPK EIFTGEEGPESSEFSLSPNLDAQQKIPKG KSSFENTVVR KVSVTLKEIFTGEEGPESSEFSLSPNLDAQQK SSFENTVVR SSFENTVVRK VSVTLKEIFTGEEGPESSEFSLSPNLDAQQK VSVTLKEIFTGEEGPESSEFSLSPNLDAQQKIPK,202,0.002824858757062147,0.002793296089385475
HPRR4320010,1,0,1,1,0.25428959,HPRR4320010,[],['HPRR4320010'],FEDFTR,318,0.0028328611898017,0.002793296089385475
HPRR4320036,1,0,1,1,0.21265801,HPRR4320036,[],['HPRR4320036'],QLEVTCTPYLK,320,0.0028089887640449437,0.002793296089385475
HPRR4320282,1,0,1,1,0.31461092,HPRR4320282,[],['HPRR4320282'],AYYGNINFFGGPSNTSVK,332,0.0028735632183908046,0.002793296089385475
HPRR4320315,3,0,3,3,0.21199423,HPRR4320315,[],['HPRR4320315'],n[42.0106]ELHDIFTFLATEVEMQGEM[15.9949]INR n[42.0106]ELHDIFTFLATEVEM[15.9949]QGEMINR n[42.0106]ELHDIFTFLATEVEM[15.9949]QGEM[15.9949]INR,333,0.0028011204481792717,0.002793296089385475
HPRR4320317,1,0,1,1,0.21689518,HPRR4320317,[],['HPRR4320317'],EVAPVPKI,334,0.0028169014084507044,0.002793296089385475
HPRR4320468,2,0,2,2,0.27476716,HPRR4320468,[],['HPRR4320468'],STPGLIPR VNSVGSSSTSSSGLTGNYVPSFLK,342,0.002849002849002849,0.002793296089385475
HPRR4320660,1,0,1,1,0.1922953,HPRR4320660,[],['HPRR4320660'],WDLQALR,349,0.002793296089385475,0.002793296089385475
HPRR4350072,1,1,1,2,0.34152025,HPRR4350072,[],['HPRR4350072'],HHPTTLAVGICSPASR SISLLRLSFHQ,362,0.002881844380403458,0.002793296089385475
HPRR4420088,1,2,1,3,0.30405508,HPRR4420088,[],['HPRR4420088'],DGRYTPCSYR VIEEDGT YTPCSYRGM[15.9949]EER,369,0.0028653295128939827,0.002793296089385475
HPRR4290910,1,0,1,1,0.16539573,HPRR4290910,[],['HPRR4290910'],NGAVWGRVR,310,0.005571030640668524,0.005555555555555556
HPRR4340007,1,0,1,1,0.16219838,HPRR4340007,[],['HPRR4340007'],AHGQGRSGLTPEREGK,354,0.005555555555555556,0.005555555555555556
HPRR4340092,1,0,1,1,0.13402279,HPRR4340092,[],['HPRR4340092'],DLLAEQR,357,0.0110803324099723,0.0110803324099723
HPRR4320052,2,0,2,2,0.12636732,HPRR4320052,[],['HPRR4320052'],LEGTQHLQDVPYVMVR LEGTQHLQDVPYVM[15.9949]VR,322,0.016574585635359115,0.016574585635359115
HPRR4320683,1,0,1,1,0.10025987,HPRR4320683,[],['HPRR4320683'],SVSPTVNVSSERAESRPTLFM[15.9949]AVSLHM[15.9949]AWCLAHIGIR,352,0.03581267217630854,0.03571428571428571
HPRR4320694,1,0,1,1,0.09886047,HPRR4320694,[],['HPRR4320694'],TYKKIASR,353,0.03571428571428571,0.03571428571428571
HPRR4320083,1,0,1,1,0.08815498,HPRR4320083,[],['HPRR4320083'],QDIMLSLANLVR,324,0.0410958904109589,0.04076086956521739
HPRR4320154,1,0,1,1,0.08692381,HPRR4320154,[],['HPRR4320154'],TLLEAR,328,0.040983606557377046,0.04076086956521739
HPRR4320258,1,0,1,1,0.08315187,HPRR4320258,[],['HPRR4320258'],SLVLRYCENK,330,0.04076086956521739,0.04076086956521739
HPRR4320618,1,0,1,1,0.08448881,HPRR4320618,[],['HPRR4320618'],WLDPENSTNRVFFCHGELCIIPAPR,346,0.04087193460490463,0.04076086956521739
HPRR4310007,1,0,1,1,0.07258088,HPRR4310007,[],['HPRR4310007'],LSGGVAQAELYLAAHGSR,314,0.04607046070460705,0.04582210242587601
HPRR4320346,1,0,1,1,0.06398802,HPRR4320346,[],['HPRR4320346'],LATQSNEITIPVTFESR,335,0.04582210242587601,0.04582210242587601
HPRR4320451,1,0,1,1,0.07251706,HPRR4320451,[],['HPRR4320451'],VAGIFPR,341,0.04594594594594595,0.04582210242587601
HPRR4320388,1,0,1,1,0.056617,HPRR4320388,[],['HPRR4320388'],AAQSGQLEALRFLAKYGADINTQASDNASALYEACK,337,0.04838709677419355,0.04838709677419355
HPRR4320004,1,0,1,1,0.04161774,HPRR4320004,[],['HPRR4320004'],IQSM[15.9949]GVRVM[15.9949]DTNWVAR,317,0.058981233243967826,0.058981233243967826
HPRR4320023,1,0,1,1,0.03965367,HPRR4320023,[],['HPRR4320023'],KEEPMLLLGDPSASLTLLSLSSISEC,319,0.06417112299465241,0.06417112299465241
HPRR4320520,1,0,1,1,0.03763334,HPRR4320520,[],['HPRR4320520'],n[42.0106]PLKTM[15.9949]LGPRYDSQVAEENR,343,0.06666666666666667,0.06648936170212766
HPRR4320619,1,0,1,1,0.03724797,HPRR4320619,[],['HPRR4320619'],LEM[15.9949]AENYFQLSVDWPESSLAM[15.9949]SPGEE,347,0.06648936170212766,0.06648936170212766
HPRR4320582,1,0,1,1,0.03184984,HPRR4320582,[],['HPRR4320582'],Q[-17.0265]VVEEPSPQLPADKFSAEFVDFT,345,0.07161803713527852,0.07161803713527852
HPRR4320039,1,0,1,1,0.02800785,HPRR4320039,[],['HPRR4320039'],QLPM[15.9949]EAETLAPVQAAVNPPTM[15.9949]TPDM[15.9949]R,321,0.07651715039577836,0.07651715039577836
HPRR4320681,1,0,1,1,0.02857418,HPRR4320681,[],['HPRR4320681'],SLVCVVPDVAAFCSDWRWLR,351,0.07671957671957672,0.07651715039577836
HPRR4290886,1,0,1,1,0.02514378,HPRR4290886,[],['HPRR4290886'],RLVELLMHNDYKVVSPALR,309,0.08421052631578947,0.08398950131233596
HPRR4291046,1,0,1,1,0.02504849,HPRR4291046,[],['HPRR4291046'],LFEKCEVNGAGAHPLFAFLR,313,0.08398950131233596,0.08398950131233596
HPRR4320066,1,0,1,1,0.01870269,HPRR4320066,[],['HPRR4320066'],AEEKM[15.9949]QEQLER,323,0.09399477806788512,0.09399477806788512
HPRR4340079,1,0,1,1,0.01970888,HPRR4340079,[],['HPRR4340079'],AGITM[15.9949]ESYLSESLM[15.9949]LK,356,0.09424083769633508,0.09399477806788512
HPRR4340036,1,0,1,1,0.01623257,HPRR4340036,[],['HPRR4340036'],Q[-17.0265]QQPQVVEKQQETPLAPADFAHISQDAQSLHSGASRR,355,0.09895833333333333,0.09895833333333333
HPRR4320120,2,0,2,2,0.01467907,HPRR4320120,[],['HPRR4320120'],IVHIANDLFLQEQKTLGADDTM[15.9949]LAK n[42.0106]VLTM[15.9949]LADIEIHSIGSIIAVEK,325,0.1012987012987013,0.10077519379844961
HPRR4320165,1,0,1,1,0.01264995,HPRR4320165,[],['HPRR4320165'],ELEAGSLYHLTV,329,0.10077519379844961,0.10077519379844961
HPRR4320376,1,0,1,1,0.01288312,HPRR4320376,[],['HPRR4320376'],PSSGQEVATPPVPQLQVCEPK,336,0.10103626943005181,0.10077519379844961
HPRR4320637,1,0,1,1,0.01168918,HPRR4320637,[],['HPRR4320637'],LGSTQIVKILTQDTPEFFIDQGHAK,348,0.10309278350515463,0.10309278350515463
HPRR4310045,1,0,1,1,0.00755785,HPRR4310045,[],['HPRR4310045'],WVQETKL,315,0.10539845758354756,0.10539845758354756
HPRR4291001,1,0,1,1,0.00496464,HPRR4291001,[],['HPRR4291001'],VVRVM[15.9949]LDYVDQVR,312,0.11764705882352941,0.11734693877551021
HPRR4320422,1,0,1,1,0.00567995,HPRR4320422,[],['HPRR4320422'],RMDEISDHAK,339,0.11794871794871795,0.11734693877551021
HPRR4320528,1,0,1,1,0.00469149,HPRR4320528,[],['HPRR4320528'],ENSLYLTAFTVIGIRKAFDICPLVK,344,0.11734693877551021,0.11734693877551021
HPRR4320270,1,0,1,1,0.00210846,HPRR4320270,[],['HPRR4320270'],WSTSFHMLERLIEQK,331,0.12213740458015267,0.12213740458015267
HPRR4320133,1,0,1,1,0.00020529,HPRR4320133,[],['HPRR4320133'],IPLPPHLCRPMPAQDTAMETFNSPSLSLPRDSR,327,0.12944162436548223,0.12944162436548223
